instance,solution,painlessmaple,pakis,mallobparallel,pmcomsps,pmcomspscom,abcdparascavel,pmcomspsstrsc,abcdsat,mergehordesatparallel,plingeling
sc-2021/20-100-frag12-14_sat.cnf.xz,SATISFIABLE,SATISFIABLE,SATISFIABLE,SATISFIABLE,SATISFIABLE,SATISFIABLE,,SATISFIABLE,SATISFIABLE,SATISFIABLE,SATISFIABLE
sc-2021/puzzle39_sat.cnf.xz,SATISFIABLE,,SATISFIABLE,SATISFIABLE,,,,,,SATISFIABLE,SATISFIABLE
sc-2021/vlsat2_702_14170.cnf.xz,SATISFIABLE,SATISFIABLE,SATISFIABLE,SATISFIABLE,,,,,,SATISFIABLE,SATISFIABLE
sc-2021/spg_300_300.cnf.xz,UNSATISFIABLE,UNSATISFIABLE,UNSATISFIABLE,UNSATISFIABLE,UNSATISFIABLE,UNSATISFIABLE,UNSATISFIABLE,UNSATISFIABLE,UNSATISFIABLE,UNSATISFIABLE,UNSATISFIABLE
sc-2021/mp1-blockpuzzle_5x12_s6_free3.cnf.xz,UNSATISFIABLE,UNSATISFIABLE,UNSATISFIABLE,UNSATISFIABLE,UNSATISFIABLE,UNSATISFIABLE,UNSATISFIABLE,UNSATISFIABLE,,UNSATISFIABLE,UNSATISFIABLE
sc-2021/mp1-bsat210-739.cnf.xz,UNSATISFIABLE,UNSATISFIABLE,UNSATISFIABLE,UNSATISFIABLE,UNSATISFIABLE,UNSATISFIABLE,UNSATISFIABLE,UNSATISFIABLE,UNSATISFIABLE,,UNSATISFIABLE
sc-2021/spg_200_301.cnf.xz,UNSATISFIABLE,UNSATISFIABLE,UNSATISFIABLE,UNSATISFIABLE,UNSATISFIABLE,UNSATISFIABLE,UNSATISFIABLE,UNSATISFIABLE,UNSATISFIABLE,UNSATISFIABLE,UNSATISFIABLE
sc-2021/string_compare_safety_cbmc_unwinding_700.cnf.xz,UNSATISFIABLE,UNSATISFIABLE,UNSATISFIABLE,UNSATISFIABLE,UNSATISFIABLE,UNSATISFIABLE,UNSATISFIABLE,UNSATISFIABLE,UNSATISFIABLE,UNSATISFIABLE,UNSATISFIABLE
sc-2021/crafted_n12_d6_c3_num18.cnf.xz,UNSATISFIABLE,UNSATISFIABLE,UNSATISFIABLE,UNSATISFIABLE,UNSATISFIABLE,UNSATISFIABLE,UNSATISFIABLE,UNSATISFIABLE,UNSATISFIABLE,UNSATISFIABLE,UNSATISFIABLE
sc-2021/SC21_Timetable_C_140_E_32_Cl_30_S_10.cnf.xz,,,,,,,,,,,
sc-2021/dist10.c.cnf.xz,UNSATISFIABLE,UNSATISFIABLE,UNSATISFIABLE,UNSATISFIABLE,UNSATISFIABLE,UNSATISFIABLE,UNSATISFIABLE,UNSATISFIABLE,UNSATISFIABLE,UNSATISFIABLE,UNSATISFIABLE
sc-2021/WS_400_16_90_70.apx_0.cnf.xz,UNSATISFIABLE,UNSATISFIABLE,UNSATISFIABLE,UNSATISFIABLE,UNSATISFIABLE,UNSATISFIABLE,UNSATISFIABLE,,UNSATISFIABLE,UNSATISFIABLE,UNSATISFIABLE
sc-2021/HCP-526-420.cnf.xz,SATISFIABLE,SATISFIABLE,SATISFIABLE,SATISFIABLE,SATISFIABLE,SATISFIABLE,,SATISFIABLE,SATISFIABLE,SATISFIABLE,SATISFIABLE
sc-2021/ctl_4201_555_unsat.cnf.xz,UNSATISFIABLE,UNSATISFIABLE,UNSATISFIABLE,UNSATISFIABLE,UNSATISFIABLE,UNSATISFIABLE,UNSATISFIABLE,UNSATISFIABLE,UNSATISFIABLE,UNSATISFIABLE,UNSATISFIABLE
sc-2021/string_compare_safety_cbmc_unwinding_690.cnf.xz,UNSATISFIABLE,UNSATISFIABLE,UNSATISFIABLE,UNSATISFIABLE,UNSATISFIABLE,UNSATISFIABLE,UNSATISFIABLE,UNSATISFIABLE,UNSATISFIABLE,UNSATISFIABLE,UNSATISFIABLE
sc-2021/bvsmod_18.smt2.cnf.xz,UNSATISFIABLE,UNSATISFIABLE,UNSATISFIABLE,UNSATISFIABLE,UNSATISFIABLE,UNSATISFIABLE,UNSATISFIABLE,UNSATISFIABLE,,,UNSATISFIABLE
sc-2021/mp1-blockpuzzle_5x10_s5_free3.cnf.xz,UNSATISFIABLE,UNSATISFIABLE,UNSATISFIABLE,UNSATISFIABLE,UNSATISFIABLE,UNSATISFIABLE,UNSATISFIABLE,UNSATISFIABLE,,UNSATISFIABLE,UNSATISFIABLE
sc-2021/73.smt2.cnf.xz,UNSATISFIABLE,UNSATISFIABLE,UNSATISFIABLE,UNSATISFIABLE,UNSATISFIABLE,UNSATISFIABLE,UNSATISFIABLE,UNSATISFIABLE,UNSATISFIABLE,UNSATISFIABLE,UNSATISFIABLE
sc-2021/maximum_constrained_partition_14_bits_n200.cnf.xz,SATISFIABLE,SATISFIABLE,SATISFIABLE,SATISFIABLE,SATISFIABLE,SATISFIABLE,,SATISFIABLE,SATISFIABLE,SATISFIABLE,SATISFIABLE
sc-2021/SE_PR_WS_500_16_70_10.apx_0.cnf.xz,SATISFIABLE,SATISFIABLE,SATISFIABLE,SATISFIABLE,SATISFIABLE,SATISFIABLE,,SATISFIABLE,SATISFIABLE,SATISFIABLE,SATISFIABLE
sc-2021/quad_res_r21_m22.cnf.xz,SATISFIABLE,SATISFIABLE,SATISFIABLE,SATISFIABLE,SATISFIABLE,SATISFIABLE,,SATISFIABLE,SATISFIABLE,SATISFIABLE,SATISFIABLE
sc-2021/sokoban-p20.sas.cr.27.cnf.xz,UNSATISFIABLE,UNSATISFIABLE,,UNSATISFIABLE,UNSATISFIABLE,UNSATISFIABLE,UNSATISFIABLE,UNSATISFIABLE,,UNSATISFIABLE,UNSATISFIABLE
sc-2021/n320p5q2_n.apx_17.cnf.xz,UNSATISFIABLE,UNSATISFIABLE,UNSATISFIABLE,UNSATISFIABLE,UNSATISFIABLE,UNSATISFIABLE,UNSATISFIABLE,UNSATISFIABLE,UNSATISFIABLE,UNSATISFIABLE,UNSATISFIABLE
sc-2021/ER_500_40_2.apx_0.cnf.xz,UNSATISFIABLE,UNSATISFIABLE,UNSATISFIABLE,UNSATISFIABLE,UNSATISFIABLE,UNSATISFIABLE,UNSATISFIABLE,UNSATISFIABLE,UNSATISFIABLE,UNSATISFIABLE,UNSATISFIABLE
sc-2021/crafted_n12_d6_c3_num28.cnf.xz,UNSATISFIABLE,UNSATISFIABLE,UNSATISFIABLE,UNSATISFIABLE,UNSATISFIABLE,UNSATISFIABLE,UNSATISFIABLE,UNSATISFIABLE,UNSATISFIABLE,UNSATISFIABLE,UNSATISFIABLE
sc-2021/b2005-p1-12x12c10h7-Ser5-0.cnf.xz,,,,,,,,,,,
sc-2021/sp5-21-15-una-stri-flat-noid.cnf.xz,SATISFIABLE,SATISFIABLE,SATISFIABLE,SATISFIABLE,SATISFIABLE,SATISFIABLE,,SATISFIABLE,SATISFIABLE,SATISFIABLE,SATISFIABLE
sc-2021/LABS_n089_goal008.cnf.xz,SATISFIABLE,SATISFIABLE,SATISFIABLE,SATISFIABLE,SATISFIABLE,SATISFIABLE,,SATISFIABLE,,SATISFIABLE,SATISFIABLE
sc-2021/battleship-12-12-unsat.cnf.xz,UNSATISFIABLE,UNSATISFIABLE,UNSATISFIABLE,UNSATISFIABLE,UNSATISFIABLE,UNSATISFIABLE,UNSATISFIABLE,UNSATISFIABLE,UNSATISFIABLE,UNSATISFIABLE,UNSATISFIABLE
sc-2021/puzzle47_sat.cnf.xz,,,,,,,,,,,
sc-2021/Circuit_multiplier45.cnf.xz,SATISFIABLE,SATISFIABLE,SATISFIABLE,SATISFIABLE,SATISFIABLE,SATISFIABLE,,SATISFIABLE,SATISFIABLE,SATISFIABLE,SATISFIABLE
sc-2021/sp5-26-19-bin-nons-tree-noid.cnf.xz,SATISFIABLE,SATISFIABLE,SATISFIABLE,SATISFIABLE,SATISFIABLE,SATISFIABLE,,SATISFIABLE,SATISFIABLE,SATISFIABLE,SATISFIABLE
sc-2021/Kakuro-easy-045-ext.xml.hg_4.cnf.xz,UNSATISFIABLE,UNSATISFIABLE,,UNSATISFIABLE,UNSATISFIABLE,UNSATISFIABLE,UNSATISFIABLE,UNSATISFIABLE,,UNSATISFIABLE,UNSATISFIABLE
sc-2021/HCP-470-105.cnf.xz,SATISFIABLE,SATISFIABLE,SATISFIABLE,SATISFIABLE,SATISFIABLE,SATISFIABLE,,SATISFIABLE,SATISFIABLE,SATISFIABLE,SATISFIABLE
sc-2021/at-least-two-sokoban-sequential-p145-microban-sequential.030-NOTKNOWN.cnf.xz,UNSATISFIABLE,UNSATISFIABLE,UNSATISFIABLE,UNSATISFIABLE,UNSATISFIABLE,UNSATISFIABLE,UNSATISFIABLE,UNSATISFIABLE,UNSATISFIABLE,UNSATISFIABLE,UNSATISFIABLE
sc-2021/HCP-529-60.cnf.xz,SATISFIABLE,SATISFIABLE,SATISFIABLE,SATISFIABLE,SATISFIABLE,SATISFIABLE,,SATISFIABLE,SATISFIABLE,SATISFIABLE,SATISFIABLE
sc-2021/SC21_Timetable_C_512_E_66_Cl_34_S_35.cnf.xz,,,,,,,,,,,
sc-2021/string_compare_safety_cbmc_unwinding_730.cnf.xz,UNSATISFIABLE,UNSATISFIABLE,UNSATISFIABLE,UNSATISFIABLE,UNSATISFIABLE,UNSATISFIABLE,UNSATISFIABLE,UNSATISFIABLE,UNSATISFIABLE,UNSATISFIABLE,UNSATISFIABLE
sc-2021/rphp4_080_shuffled.cnf.xz,UNSATISFIABLE,UNSATISFIABLE,UNSATISFIABLE,UNSATISFIABLE,UNSATISFIABLE,UNSATISFIABLE,UNSATISFIABLE,UNSATISFIABLE,UNSATISFIABLE,,UNSATISFIABLE
sc-2021/edit_distance025_450.cnf.xz,SATISFIABLE,,SATISFIABLE,,,,,SATISFIABLE,SATISFIABLE,SATISFIABLE,
sc-2021/uum32.smt2.cnf.xz,,,,,,,,,,,
sc-2021/UCG-20-10p1-sc2009.cnf.xz,SATISFIABLE,SATISFIABLE,SATISFIABLE,SATISFIABLE,SATISFIABLE,SATISFIABLE,,SATISFIABLE,SATISFIABLE,SATISFIABLE,SATISFIABLE
sc-2021/b2005-p2-12x12c10h7-Ser7-0.cnf.xz,,,,,,,,,,,
sc-2021/maxor128.cnf.xz,UNSATISFIABLE,UNSATISFIABLE,UNSATISFIABLE,UNSATISFIABLE,UNSATISFIABLE,UNSATISFIABLE,UNSATISFIABLE,UNSATISFIABLE,,UNSATISFIABLE,UNSATISFIABLE
sc-2021/randomG-n20-d05.cnf.xz,UNSATISFIABLE,,,UNSATISFIABLE,,,,,,,UNSATISFIABLE
sc-2021/vlsat2_112_4223.cnf.xz,UNSATISFIABLE,,UNSATISFIABLE,,UNSATISFIABLE,UNSATISFIABLE,UNSATISFIABLE,UNSATISFIABLE,UNSATISFIABLE,,UNSATISFIABLE
sc-2021/at-least-two-aaai10-planning-ipc5-pipesworld-12-step15.cnf.xz,UNSATISFIABLE,UNSATISFIABLE,UNSATISFIABLE,UNSATISFIABLE,UNSATISFIABLE,UNSATISFIABLE,UNSATISFIABLE,UNSATISFIABLE,UNSATISFIABLE,UNSATISFIABLE,UNSATISFIABLE
sc-2021/sted5_0x0_n90-157.cnf.xz,SATISFIABLE,SATISFIABLE,SATISFIABLE,SATISFIABLE,SATISFIABLE,SATISFIABLE,,SATISFIABLE,SATISFIABLE,SATISFIABLE,SATISFIABLE
sc-2021/rphp4_090_shuffled.cnf.xz,UNSATISFIABLE,UNSATISFIABLE,UNSATISFIABLE,UNSATISFIABLE,UNSATISFIABLE,UNSATISFIABLE,UNSATISFIABLE,UNSATISFIABLE,UNSATISFIABLE,,UNSATISFIABLE
sc-2021/vlsat2_142_6781.cnf.xz,UNSATISFIABLE,UNSATISFIABLE,,,UNSATISFIABLE,UNSATISFIABLE,,UNSATISFIABLE,UNSATISFIABLE,,UNSATISFIABLE
sc-2021/quad_res_r35_m36.cnf.xz,,,,,,,,,,,
sc-2021/mp1-klieber2017s-1200-022-eq.cnf.xz,UNSATISFIABLE,UNSATISFIABLE,UNSATISFIABLE,UNSATISFIABLE,UNSATISFIABLE,UNSATISFIABLE,UNSATISFIABLE,,UNSATISFIABLE,UNSATISFIABLE,UNSATISFIABLE
sc-2021/10pipe_k.cnf.xz,UNSATISFIABLE,UNSATISFIABLE,UNSATISFIABLE,UNSATISFIABLE,UNSATISFIABLE,UNSATISFIABLE,UNSATISFIABLE,UNSATISFIABLE,UNSATISFIABLE,UNSATISFIABLE,UNSATISFIABLE
sc-2021/WS_500_32_30_10.apx_0.cnf.xz,UNSATISFIABLE,UNSATISFIABLE,UNSATISFIABLE,UNSATISFIABLE,UNSATISFIABLE,UNSATISFIABLE,UNSATISFIABLE,UNSATISFIABLE,UNSATISFIABLE,UNSATISFIABLE,UNSATISFIABLE
sc-2021/sted5_0x1e3-20.cnf.xz,SATISFIABLE,,,,,,,,,SATISFIABLE,
sc-2021/puzzle35_sat.cnf.xz,SATISFIABLE,SATISFIABLE,SATISFIABLE,SATISFIABLE,SATISFIABLE,SATISFIABLE,,,SATISFIABLE,SATISFIABLE,SATISFIABLE
sc-2021/MVD_ADS_S4_5_5.cnf.xz,UNSATISFIABLE,UNSATISFIABLE,UNSATISFIABLE,UNSATISFIABLE,UNSATISFIABLE,UNSATISFIABLE,UNSATISFIABLE,UNSATISFIABLE,UNSATISFIABLE,UNSATISFIABLE,UNSATISFIABLE
sc-2021/randomG-n16-d05.cnf.xz,UNSATISFIABLE,UNSATISFIABLE,UNSATISFIABLE,UNSATISFIABLE,UNSATISFIABLE,UNSATISFIABLE,UNSATISFIABLE,UNSATISFIABLE,UNSATISFIABLE,UNSATISFIABLE,UNSATISFIABLE
sc-2021/edit_distance019_312.cnf.xz,SATISFIABLE,,SATISFIABLE,,,,,,,SATISFIABLE,
sc-2021/20-100-p100-55_unsat.cnf.xz,UNSATISFIABLE,UNSATISFIABLE,UNSATISFIABLE,UNSATISFIABLE,UNSATISFIABLE,UNSATISFIABLE,UNSATISFIABLE,UNSATISFIABLE,,UNSATISFIABLE,UNSATISFIABLE
sc-2021/b2005-p5-14x14c17h9-Ser5-0.cnf.xz,,,,,,,,,,,
sc-2021/vlsat2_51_824.cnf.xz,UNSATISFIABLE,,UNSATISFIABLE,,UNSATISFIABLE,UNSATISFIABLE,UNSATISFIABLE,UNSATISFIABLE,UNSATISFIABLE,,
sc-2021/size_5_5_5_i251_r12.cnf.xz,SATISFIABLE,SATISFIABLE,SATISFIABLE,SATISFIABLE,SATISFIABLE,SATISFIABLE,,SATISFIABLE,SATISFIABLE,SATISFIABLE,SATISFIABLE
sc-2021/mp1-Nb7T46.cnf.xz,SATISFIABLE,SATISFIABLE,SATISFIABLE,SATISFIABLE,SATISFIABLE,,,,SATISFIABLE,SATISFIABLE,
sc-2021/quad_res_r26_m27.cnf.xz,UNSATISFIABLE,UNSATISFIABLE,,UNSATISFIABLE,UNSATISFIABLE,UNSATISFIABLE,,UNSATISFIABLE,,UNSATISFIABLE,
sc-2021/Kakuro-easy-089-ext.xml.hg_4.cnf.xz,SATISFIABLE,SATISFIABLE,SATISFIABLE,SATISFIABLE,SATISFIABLE,SATISFIABLE,,SATISFIABLE,SATISFIABLE,SATISFIABLE,SATISFIABLE
sc-2021/MVD_ADS_S10_5_6.cnf.xz,UNSATISFIABLE,UNSATISFIABLE,UNSATISFIABLE,UNSATISFIABLE,UNSATISFIABLE,UNSATISFIABLE,UNSATISFIABLE,UNSATISFIABLE,UNSATISFIABLE,UNSATISFIABLE,UNSATISFIABLE
sc-2021/HCP-506-60.cnf.xz,SATISFIABLE,SATISFIABLE,SATISFIABLE,SATISFIABLE,SATISFIABLE,SATISFIABLE,,SATISFIABLE,SATISFIABLE,SATISFIABLE,SATISFIABLE
sc-2021/sp4-33-bin-stri-flat-noid.cnf.xz,UNSATISFIABLE,UNSATISFIABLE,UNSATISFIABLE,UNSATISFIABLE,UNSATISFIABLE,UNSATISFIABLE,UNSATISFIABLE,UNSATISFIABLE,UNSATISFIABLE,UNSATISFIABLE,UNSATISFIABLE
sc-2021/Sz1024_34824.smt2.cnf.xz,SATISFIABLE,SATISFIABLE,SATISFIABLE,SATISFIABLE,SATISFIABLE,SATISFIABLE,,SATISFIABLE,SATISFIABLE,SATISFIABLE,
sc-2021/satch2ways16.cnf.xz,UNSATISFIABLE,UNSATISFIABLE,UNSATISFIABLE,UNSATISFIABLE,UNSATISFIABLE,UNSATISFIABLE,UNSATISFIABLE,UNSATISFIABLE,,,UNSATISFIABLE
sc-2021/quad_res_r33_m36.cnf.xz,,,,,,,,,,,
sc-2021/mp1-klieber2017s-0490-024-t12.cnf.xz,SATISFIABLE,SATISFIABLE,SATISFIABLE,SATISFIABLE,SATISFIABLE,SATISFIABLE,,SATISFIABLE,SATISFIABLE,SATISFIABLE,SATISFIABLE
sc-2021/ktf_TF-3.tf_3_0.02_24.cnf.xz,UNSATISFIABLE,UNSATISFIABLE,UNSATISFIABLE,UNSATISFIABLE,UNSATISFIABLE,UNSATISFIABLE,UNSATISFIABLE,UNSATISFIABLE,UNSATISFIABLE,UNSATISFIABLE,UNSATISFIABLE
sc-2021/ktf_TF-3.tf_2_0.02_24.cnf.xz,UNSATISFIABLE,UNSATISFIABLE,UNSATISFIABLE,UNSATISFIABLE,UNSATISFIABLE,UNSATISFIABLE,UNSATISFIABLE,,,UNSATISFIABLE,UNSATISFIABLE
sc-2021/at-least-two-traffic_pcb_unknown.cnf.xz,UNSATISFIABLE,UNSATISFIABLE,UNSATISFIABLE,UNSATISFIABLE,UNSATISFIABLE,UNSATISFIABLE,UNSATISFIABLE,UNSATISFIABLE,UNSATISFIABLE,UNSATISFIABLE,UNSATISFIABLE
sc-2021/Kakuro-easy-104-ext.xml.hg_6.cnf.xz,SATISFIABLE,SATISFIABLE,SATISFIABLE,SATISFIABLE,SATISFIABLE,SATISFIABLE,,SATISFIABLE,SATISFIABLE,SATISFIABLE,SATISFIABLE
sc-2021/b2005-p3-14x14c17h9-Ser3-0.cnf.xz,,,,,,,,,,,
sc-2021/Circuit_multiplier35.cnf.xz,SATISFIABLE,SATISFIABLE,SATISFIABLE,SATISFIABLE,SATISFIABLE,SATISFIABLE,,SATISFIABLE,SATISFIABLE,SATISFIABLE,SATISFIABLE
sc-2021/barman-pfile10-040.sas.ex.15.cnf.xz,UNSATISFIABLE,,UNSATISFIABLE,UNSATISFIABLE,,,,,,UNSATISFIABLE,UNSATISFIABLE
sc-2021/Mycielski-10-hints-9.cnf.xz,UNSATISFIABLE,,,,UNSATISFIABLE,UNSATISFIABLE,,UNSATISFIABLE,,UNSATISFIABLE,
sc-2021/ktf_TF-3.tf_4_0.04_48.cnf.xz,,,,,,,,,,,
sc-2021/vlsat2_144_7585.cnf.xz,UNSATISFIABLE,UNSATISFIABLE,UNSATISFIABLE,UNSATISFIABLE,UNSATISFIABLE,UNSATISFIABLE,UNSATISFIABLE,UNSATISFIABLE,UNSATISFIABLE,,UNSATISFIABLE
sc-2021/sokoban-p16.sas.ex.19-sc2016.cnf.xz,UNSATISFIABLE,UNSATISFIABLE,,,UNSATISFIABLE,UNSATISFIABLE,,UNSATISFIABLE,,,
sc-2021/sted3_0x0_n201-239.cnf.xz,SATISFIABLE,SATISFIABLE,SATISFIABLE,SATISFIABLE,SATISFIABLE,SATISFIABLE,,SATISFIABLE,SATISFIABLE,SATISFIABLE,SATISFIABLE
sc-2021/b2005-p1-12x12c10h7-Ser3-0.cnf.xz,,,,,,,,,,,
sc-2021/LABS_n068_goal001.cnf.xz,UNSATISFIABLE,UNSATISFIABLE,UNSATISFIABLE,UNSATISFIABLE,UNSATISFIABLE,UNSATISFIABLE,UNSATISFIABLE,UNSATISFIABLE,UNSATISFIABLE,UNSATISFIABLE,UNSATISFIABLE
sc-2021/crafted_n10_d6_c4_num15.cnf.xz,UNSATISFIABLE,UNSATISFIABLE,UNSATISFIABLE,UNSATISFIABLE,UNSATISFIABLE,UNSATISFIABLE,UNSATISFIABLE,UNSATISFIABLE,UNSATISFIABLE,UNSATISFIABLE,UNSATISFIABLE
sc-2021/quad_res_r31_m35.cnf.xz,,,,,,,,,,,
sc-2021/string_compare_safety_cbmc_unwinding_780.cnf.xz,UNSATISFIABLE,UNSATISFIABLE,UNSATISFIABLE,UNSATISFIABLE,UNSATISFIABLE,UNSATISFIABLE,UNSATISFIABLE,UNSATISFIABLE,UNSATISFIABLE,UNSATISFIABLE,UNSATISFIABLE
sc-2021/dist4.c.cnf.xz,UNSATISFIABLE,UNSATISFIABLE,UNSATISFIABLE,UNSATISFIABLE,UNSATISFIABLE,UNSATISFIABLE,UNSATISFIABLE,UNSATISFIABLE,UNSATISFIABLE,UNSATISFIABLE,UNSATISFIABLE
sc-2021/edit_distance007_85.cnf.xz,UNSATISFIABLE,UNSATISFIABLE,UNSATISFIABLE,UNSATISFIABLE,UNSATISFIABLE,UNSATISFIABLE,UNSATISFIABLE,UNSATISFIABLE,UNSATISFIABLE,UNSATISFIABLE,UNSATISFIABLE
sc-2021/mp1-klieber2017s-1000-023-eq.cnf.xz,UNSATISFIABLE,UNSATISFIABLE,UNSATISFIABLE,UNSATISFIABLE,UNSATISFIABLE,UNSATISFIABLE,UNSATISFIABLE,UNSATISFIABLE,UNSATISFIABLE,UNSATISFIABLE,UNSATISFIABLE
sc-2021/b2005-p4-12x12c10h7-Ser3-0.cnf.xz,,,,,,,,,,,NONE
sc-2021/sp5-21-15-bin-stri-flat-noid.cnf.xz,SATISFIABLE,SATISFIABLE,SATISFIABLE,SATISFIABLE,SATISFIABLE,SATISFIABLE,,SATISFIABLE,SATISFIABLE,SATISFIABLE,SATISFIABLE
sc-2021/spg_200_307.cnf.xz,UNSATISFIABLE,UNSATISFIABLE,UNSATISFIABLE,UNSATISFIABLE,UNSATISFIABLE,UNSATISFIABLE,UNSATISFIABLE,UNSATISFIABLE,UNSATISFIABLE,UNSATISFIABLE,UNSATISFIABLE
sc-2021/sted2_0x1e3-216.cnf.xz,SATISFIABLE,SATISFIABLE,SATISFIABLE,SATISFIABLE,SATISFIABLE,SATISFIABLE,,SATISFIABLE,SATISFIABLE,SATISFIABLE,SATISFIABLE
sc-2021/randomG-n19-d05.cnf.xz,UNSATISFIABLE,,,UNSATISFIABLE,,,,,,,UNSATISFIABLE
sc-2021/HCP-446-60.cnf.xz,SATISFIABLE,SATISFIABLE,SATISFIABLE,SATISFIABLE,SATISFIABLE,SATISFIABLE,,SATISFIABLE,SATISFIABLE,SATISFIABLE,SATISFIABLE
sc-2021/20-100-lambda100-49_sat.cnf.xz,SATISFIABLE,SATISFIABLE,SATISFIABLE,SATISFIABLE,SATISFIABLE,SATISFIABLE,,SATISFIABLE,SATISFIABLE,SATISFIABLE,SATISFIABLE
sc-2021/51.smt2.cnf.xz,UNSATISFIABLE,UNSATISFIABLE,UNSATISFIABLE,UNSATISFIABLE,UNSATISFIABLE,UNSATISFIABLE,UNSATISFIABLE,UNSATISFIABLE,UNSATISFIABLE,UNSATISFIABLE,UNSATISFIABLE
sc-2021/MVD_ADS_S10_6_6.cnf.xz,UNSATISFIABLE,UNSATISFIABLE,UNSATISFIABLE,UNSATISFIABLE,UNSATISFIABLE,UNSATISFIABLE,UNSATISFIABLE,UNSATISFIABLE,UNSATISFIABLE,UNSATISFIABLE,UNSATISFIABLE
sc-2021/MVD_ADS_S11_7_7.cnf.xz,SATISFIABLE,SATISFIABLE,SATISFIABLE,SATISFIABLE,SATISFIABLE,SATISFIABLE,,SATISFIABLE,SATISFIABLE,SATISFIABLE,SATISFIABLE
sc-2021/14pipe_q0_k.cnf.xz,UNSATISFIABLE,UNSATISFIABLE,UNSATISFIABLE,UNSATISFIABLE,UNSATISFIABLE,UNSATISFIABLE,UNSATISFIABLE,UNSATISFIABLE,,UNSATISFIABLE,UNSATISFIABLE
sc-2021/bvsmod_19.smt2.cnf.xz,UNSATISFIABLE,,UNSATISFIABLE,UNSATISFIABLE,UNSATISFIABLE,UNSATISFIABLE,,UNSATISFIABLE,,,UNSATISFIABLE
sc-2021/Mycielski-11-hints-4.cnf.xz,UNSATISFIABLE,UNSATISFIABLE,UNSATISFIABLE,UNSATISFIABLE,UNSATISFIABLE,UNSATISFIABLE,UNSATISFIABLE,UNSATISFIABLE,UNSATISFIABLE,UNSATISFIABLE,UNSATISFIABLE
sc-2021/Mycielski-10-hints-7.cnf.xz,UNSATISFIABLE,,,,UNSATISFIABLE,,,UNSATISFIABLE,,,
sc-2021/ktf_TF-4.tf_2_0.02_18.cnf.xz,UNSATISFIABLE,UNSATISFIABLE,UNSATISFIABLE,UNSATISFIABLE,UNSATISFIABLE,UNSATISFIABLE,UNSATISFIABLE,UNSATISFIABLE,UNSATISFIABLE,UNSATISFIABLE,UNSATISFIABLE
sc-2021/sp5-21-15-one-stri-tree-noid.cnf.xz,SATISFIABLE,SATISFIABLE,SATISFIABLE,SATISFIABLE,SATISFIABLE,SATISFIABLE,,SATISFIABLE,SATISFIABLE,SATISFIABLE,SATISFIABLE
sc-2021/edit_distance031_284.cnf.xz,UNSATISFIABLE,UNSATISFIABLE,UNSATISFIABLE,UNSATISFIABLE,UNSATISFIABLE,UNSATISFIABLE,UNSATISFIABLE,UNSATISFIABLE,,UNSATISFIABLE,UNSATISFIABLE
sc-2021/scc_1213_40_10_3.apx_0.cnf.xz,SATISFIABLE,SATISFIABLE,SATISFIABLE,SATISFIABLE,SATISFIABLE,SATISFIABLE,,SATISFIABLE,SATISFIABLE,SATISFIABLE,SATISFIABLE
sc-2021/SC21_Timetable_C_140_E_29_Cl_10_S_15.cnf.xz,,,,,,,,,,,
sc-2021/edit_distance031_283.cnf.xz,UNSATISFIABLE,UNSATISFIABLE,UNSATISFIABLE,UNSATISFIABLE,UNSATISFIABLE,UNSATISFIABLE,UNSATISFIABLE,UNSATISFIABLE,,UNSATISFIABLE,UNSATISFIABLE
sc-2021/satch2ways16w.cnf.xz,UNSATISFIABLE,,UNSATISFIABLE,UNSATISFIABLE,UNSATISFIABLE,UNSATISFIABLE,UNSATISFIABLE,UNSATISFIABLE,,,UNSATISFIABLE
sc-2021/20-100-lambda100-14_sat.cnf.xz,SATISFIABLE,SATISFIABLE,SATISFIABLE,SATISFIABLE,SATISFIABLE,SATISFIABLE,,SATISFIABLE,SATISFIABLE,SATISFIABLE,SATISFIABLE
sc-2021/problem_12.smt2.cnf.xz,,,,,,,,,,,
sc-2021/sum_of_3_cubes_52_bits_39.cnf.xz,SATISFIABLE,,,,SATISFIABLE,SATISFIABLE,,,,,
sc-2021/string_compare_safety_cbmc_unwinding_900.cnf.xz,UNSATISFIABLE,UNSATISFIABLE,UNSATISFIABLE,UNSATISFIABLE,UNSATISFIABLE,UNSATISFIABLE,UNSATISFIABLE,UNSATISFIABLE,UNSATISFIABLE,UNSATISFIABLE,UNSATISFIABLE
sc-2021/mp1-blockpuzzle_9x9_s5_free3.cnf.xz,UNSATISFIABLE,UNSATISFIABLE,UNSATISFIABLE,UNSATISFIABLE,UNSATISFIABLE,UNSATISFIABLE,UNSATISFIABLE,UNSATISFIABLE,,UNSATISFIABLE,UNSATISFIABLE
sc-2021/MVD_ADS_S6_6_6.cnf.xz,UNSATISFIABLE,UNSATISFIABLE,UNSATISFIABLE,UNSATISFIABLE,UNSATISFIABLE,UNSATISFIABLE,UNSATISFIABLE,UNSATISFIABLE,UNSATISFIABLE,UNSATISFIABLE,UNSATISFIABLE
sc-2021/SC21_Timetable_C_121_E_34_Cl_8_S_4.cnf.xz,,,,,,,,,,,
sc-2021/spg_200_321.cnf.xz,UNSATISFIABLE,UNSATISFIABLE,UNSATISFIABLE,UNSATISFIABLE,UNSATISFIABLE,UNSATISFIABLE,UNSATISFIABLE,UNSATISFIABLE,UNSATISFIABLE,UNSATISFIABLE,UNSATISFIABLE
sc-2021/mp1-klieber2017s-2000-022-eq.cnf.xz,UNSATISFIABLE,UNSATISFIABLE,UNSATISFIABLE,UNSATISFIABLE,UNSATISFIABLE,UNSATISFIABLE,UNSATISFIABLE,UNSATISFIABLE,UNSATISFIABLE,UNSATISFIABLE,UNSATISFIABLE
sc-2021/edit_distance023_282.cnf.xz,SATISFIABLE,SATISFIABLE,SATISFIABLE,SATISFIABLE,SATISFIABLE,SATISFIABLE,,SATISFIABLE,SATISFIABLE,SATISFIABLE,SATISFIABLE
sc-2021/snw_13_8_pre-sc2016.cnf.xz,UNSATISFIABLE,UNSATISFIABLE,UNSATISFIABLE,UNSATISFIABLE,UNSATISFIABLE,UNSATISFIABLE,UNSATISFIABLE,UNSATISFIABLE,UNSATISFIABLE,UNSATISFIABLE,UNSATISFIABLE
sc-2021/ctl_4291_567_6_unsat_pre.cnf.xz,UNSATISFIABLE,UNSATISFIABLE,,UNSATISFIABLE,UNSATISFIABLE,UNSATISFIABLE,UNSATISFIABLE,UNSATISFIABLE,UNSATISFIABLE,UNSATISFIABLE,UNSATISFIABLE
sc-2021/mp1-squ_ali_s10x10_c39_abio_SAT.cnf.xz,SATISFIABLE,SATISFIABLE,SATISFIABLE,SATISFIABLE,SATISFIABLE,SATISFIABLE,,SATISFIABLE,SATISFIABLE,SATISFIABLE,SATISFIABLE
sc-2021/pb_300_10_lb_06.cnf.xz,UNSATISFIABLE,UNSATISFIABLE,UNSATISFIABLE,UNSATISFIABLE,UNSATISFIABLE,UNSATISFIABLE,UNSATISFIABLE,UNSATISFIABLE,UNSATISFIABLE,UNSATISFIABLE,UNSATISFIABLE
sc-2021/edit_distance025_449.cnf.xz,SATISFIABLE,,SATISFIABLE,,SATISFIABLE,SATISFIABLE,,SATISFIABLE,SATISFIABLE,SATISFIABLE,
sc-2021/sp5-21-15-one-nons-tree-noid.cnf.xz,SATISFIABLE,SATISFIABLE,SATISFIABLE,SATISFIABLE,SATISFIABLE,SATISFIABLE,,SATISFIABLE,SATISFIABLE,SATISFIABLE,SATISFIABLE
sc-2021/sum_of_3_cubes_87_bits_75.cnf.xz,,,,,,,,,,,
sc-2021/9dlx_vliw_at_b_iq8.used-as.sat04-718.cnf.xz,UNSATISFIABLE,UNSATISFIABLE,UNSATISFIABLE,UNSATISFIABLE,UNSATISFIABLE,UNSATISFIABLE,UNSATISFIABLE,UNSATISFIABLE,UNSATISFIABLE,UNSATISFIABLE,UNSATISFIABLE
sc-2021/puzzle35_unsat.cnf.xz,UNSATISFIABLE,UNSATISFIABLE,UNSATISFIABLE,UNSATISFIABLE,UNSATISFIABLE,UNSATISFIABLE,,UNSATISFIABLE,UNSATISFIABLE,UNSATISFIABLE,UNSATISFIABLE
sc-2021/quad_res_r28_m29.cnf.xz,UNSATISFIABLE,,,,UNSATISFIABLE,,,UNSATISFIABLE,,,
sc-2021/LABS_n041_goal003.cnf.xz,SATISFIABLE,SATISFIABLE,SATISFIABLE,SATISFIABLE,SATISFIABLE,SATISFIABLE,,SATISFIABLE,SATISFIABLE,SATISFIABLE,SATISFIABLE
sc-2021/MVD_ADS_S11_6_7.cnf.xz,SATISFIABLE,SATISFIABLE,SATISFIABLE,SATISFIABLE,SATISFIABLE,SATISFIABLE,,SATISFIABLE,SATISFIABLE,SATISFIABLE,SATISFIABLE
sc-2021/b04_s_unknown_pre.cnf.xz,SATISFIABLE,SATISFIABLE,SATISFIABLE,SATISFIABLE,SATISFIABLE,SATISFIABLE,,SATISFIABLE,SATISFIABLE,SATISFIABLE,SATISFIABLE
sc-2021/Mycielski-10-hints-8.cnf.xz,UNSATISFIABLE,,,,UNSATISFIABLE,,,UNSATISFIABLE,,,
sc-2021/sum_of_3_cubes_51_bits_80.cnf.xz,SATISFIABLE,,SATISFIABLE,,,,,SATISFIABLE,SATISFIABLE,SATISFIABLE,SATISFIABLE
sc-2021/bvsub_12973.smt2.cnf.xz,UNSATISFIABLE,UNSATISFIABLE,UNSATISFIABLE,UNSATISFIABLE,UNSATISFIABLE,UNSATISFIABLE,,UNSATISFIABLE,UNSATISFIABLE,UNSATISFIABLE,UNSATISFIABLE
sc-2021/SC21_Timetable_C_542_E_71_Cl_36_S_35.cnf.xz,SATISFIABLE,SATISFIABLE,SATISFIABLE,,SATISFIABLE,SATISFIABLE,,SATISFIABLE,SATISFIABLE,SATISFIABLE,
sc-2021/vlsat2_113_1150.cnf.xz,SATISFIABLE,SATISFIABLE,SATISFIABLE,SATISFIABLE,SATISFIABLE,SATISFIABLE,,SATISFIABLE,SATISFIABLE,SATISFIABLE,SATISFIABLE
sc-2021/satch2ways15u.cnf.xz,UNSATISFIABLE,UNSATISFIABLE,UNSATISFIABLE,UNSATISFIABLE,UNSATISFIABLE,UNSATISFIABLE,UNSATISFIABLE,UNSATISFIABLE,UNSATISFIABLE,UNSATISFIABLE,UNSATISFIABLE
sc-2021/mp1-tri_ali_s11_c35_bail_UNS.cnf.xz,UNSATISFIABLE,UNSATISFIABLE,UNSATISFIABLE,UNSATISFIABLE,UNSATISFIABLE,UNSATISFIABLE,UNSATISFIABLE,,UNSATISFIABLE,UNSATISFIABLE,UNSATISFIABLE
sc-2021/satch2ways19u.cnf.xz,,,,,,,,,,,
sc-2021/MVD_ADS_S5_6_6.cnf.xz,UNSATISFIABLE,UNSATISFIABLE,UNSATISFIABLE,UNSATISFIABLE,UNSATISFIABLE,UNSATISFIABLE,UNSATISFIABLE,UNSATISFIABLE,UNSATISFIABLE,UNSATISFIABLE,UNSATISFIABLE
sc-2021/string_compare_safety_cbmc_unwinding_870.cnf.xz,UNSATISFIABLE,UNSATISFIABLE,UNSATISFIABLE,UNSATISFIABLE,UNSATISFIABLE,UNSATISFIABLE,UNSATISFIABLE,UNSATISFIABLE,UNSATISFIABLE,UNSATISFIABLE,UNSATISFIABLE
sc-2021/spg_200_300.cnf.xz,UNSATISFIABLE,UNSATISFIABLE,UNSATISFIABLE,UNSATISFIABLE,UNSATISFIABLE,UNSATISFIABLE,UNSATISFIABLE,UNSATISFIABLE,UNSATISFIABLE,UNSATISFIABLE,UNSATISFIABLE
sc-2021/sted5_0x24204-70.cnf.xz,,,,,,,,,,,
sc-2021/Kakuro-easy-118-ext.xml.hg_4.cnf.xz,SATISFIABLE,SATISFIABLE,SATISFIABLE,SATISFIABLE,SATISFIABLE,SATISFIABLE,,SATISFIABLE,SATISFIABLE,SATISFIABLE,SATISFIABLE
sc-2021/toughsat_factoring_895s.cnf.xz,SATISFIABLE,SATISFIABLE,SATISFIABLE,SATISFIABLE,SATISFIABLE,SATISFIABLE,,SATISFIABLE,SATISFIABLE,SATISFIABLE,SATISFIABLE
sc-2021/sted1_0x0-380.cnf.xz,,,,,,,,,,,
sc-2021/satch2ways13wu.cnf.xz,UNSATISFIABLE,UNSATISFIABLE,UNSATISFIABLE,UNSATISFIABLE,UNSATISFIABLE,UNSATISFIABLE,UNSATISFIABLE,UNSATISFIABLE,UNSATISFIABLE,UNSATISFIABLE,UNSATISFIABLE
sc-2021/satch2ways18u.cnf.xz,,,,,,,,,,,
sc-2021/ktf_TF-6.tf_4_0.06_77.cnf.xz,SATISFIABLE,SATISFIABLE,SATISFIABLE,SATISFIABLE,,SATISFIABLE,,SATISFIABLE,SATISFIABLE,SATISFIABLE,SATISFIABLE
sc-2021/20-100-frag12-0_sat.cnf.xz,SATISFIABLE,SATISFIABLE,SATISFIABLE,SATISFIABLE,SATISFIABLE,SATISFIABLE,,SATISFIABLE,SATISFIABLE,SATISFIABLE,SATISFIABLE
sc-2021/sum_of_3_cubes_145_bits_74.cnf.xz,,,,,,,,,,,
sc-2021/SC21_Timetable_C_136_E_41_Cl_9_S_15.cnf.xz,,,,,,,,,,,
sc-2021/Nb51T6.cnf.xz,UNSATISFIABLE,UNSATISFIABLE,UNSATISFIABLE,UNSATISFIABLE,UNSATISFIABLE,UNSATISFIABLE,UNSATISFIABLE,UNSATISFIABLE,UNSATISFIABLE,,UNSATISFIABLE
sc-2021/vmpc_26.cnf.xz,UNSATISFIABLE,UNSATISFIABLE,UNSATISFIABLE,UNSATISFIABLE,UNSATISFIABLE,UNSATISFIABLE,UNSATISFIABLE,UNSATISFIABLE,UNSATISFIABLE,UNSATISFIABLE,UNSATISFIABLE
sc-2021/Circuit_multiplier22.cnf.xz,SATISFIABLE,SATISFIABLE,SATISFIABLE,SATISFIABLE,SATISFIABLE,SATISFIABLE,,SATISFIABLE,SATISFIABLE,SATISFIABLE,SATISFIABLE
sc-2021/randomG-Mix-n18-d05.cnf.xz,UNSATISFIABLE,,,UNSATISFIABLE,UNSATISFIABLE,UNSATISFIABLE,,UNSATISFIABLE,,,
sc-2021/HCP-424-60.cnf.xz,SATISFIABLE,SATISFIABLE,SATISFIABLE,SATISFIABLE,SATISFIABLE,SATISFIABLE,,SATISFIABLE,SATISFIABLE,SATISFIABLE,SATISFIABLE
sc-2021/rpoc_xits_10_UNKNOWN.cnf.xz,UNKNOWN,UNKNOWN,UNKNOWN,UNKNOWN,UNKNOWN,UNKNOWN,UNKNOWN,UNKNOWN,UNKNOWN,UNKNOWN,UNKNOWN
sc-2021/edit_distance041_182.cnf.xz,UNSATISFIABLE,UNSATISFIABLE,UNSATISFIABLE,UNSATISFIABLE,UNSATISFIABLE,UNSATISFIABLE,UNSATISFIABLE,UNSATISFIABLE,UNSATISFIABLE,UNSATISFIABLE,UNSATISFIABLE
sc-2021/erin2_0x1e3-216.cnf.xz,SATISFIABLE,SATISFIABLE,SATISFIABLE,SATISFIABLE,SATISFIABLE,SATISFIABLE,,SATISFIABLE,SATISFIABLE,SATISFIABLE,SATISFIABLE
sc-2021/Circuit_multiplier18.cnf.xz,SATISFIABLE,SATISFIABLE,SATISFIABLE,SATISFIABLE,SATISFIABLE,SATISFIABLE,,,SATISFIABLE,,SATISFIABLE
sc-2021/IBM_FV_2004_rule_batch_30_SAT_dat.k75.cnf.xz,SATISFIABLE,SATISFIABLE,SATISFIABLE,SATISFIABLE,SATISFIABLE,SATISFIABLE,,SATISFIABLE,SATISFIABLE,SATISFIABLE,SATISFIABLE
sc-2021/erin2_0x0-379.cnf.xz,SATISFIABLE,SATISFIABLE,SATISFIABLE,SATISFIABLE,SATISFIABLE,SATISFIABLE,,SATISFIABLE,SATISFIABLE,SATISFIABLE,SATISFIABLE
sc-2021/puzzle37_unsat.cnf.xz,UNSATISFIABLE,,UNSATISFIABLE,UNSATISFIABLE,,,,,,UNSATISFIABLE,UNSATISFIABLE
sc-2021/test_v7_r12_vr1_c1_s10576.smt2.cnf.xz,UNSATISFIABLE,UNSATISFIABLE,UNSATISFIABLE,UNSATISFIABLE,UNSATISFIABLE,UNSATISFIABLE,UNSATISFIABLE,UNSATISFIABLE,UNSATISFIABLE,UNSATISFIABLE,UNSATISFIABLE
sc-2021/sp4-33-one-stri-tree-noid.cnf.xz,UNSATISFIABLE,UNSATISFIABLE,UNSATISFIABLE,UNSATISFIABLE,UNSATISFIABLE,UNSATISFIABLE,UNSATISFIABLE,UNSATISFIABLE,UNSATISFIABLE,UNSATISFIABLE,UNSATISFIABLE
sc-2021/ktf_TF-8.tf_4_0.06_109.cnf.xz,SATISFIABLE,SATISFIABLE,SATISFIABLE,SATISFIABLE,,,,,SATISFIABLE,SATISFIABLE,SATISFIABLE
sc-2021/sum_of_3_cubes_42_bits_96.cnf.xz,SATISFIABLE,SATISFIABLE,SATISFIABLE,SATISFIABLE,SATISFIABLE,SATISFIABLE,,SATISFIABLE,SATISFIABLE,SATISFIABLE,SATISFIABLE
sc-2021/vlsat2_11_42.cnf.xz,UNSATISFIABLE,UNSATISFIABLE,UNSATISFIABLE,UNSATISFIABLE,UNSATISFIABLE,UNSATISFIABLE,UNSATISFIABLE,UNSATISFIABLE,UNSATISFIABLE,,UNSATISFIABLE
sc-2021/spg_420_280.cnf.xz,UNSATISFIABLE,UNSATISFIABLE,UNSATISFIABLE,UNSATISFIABLE,UNSATISFIABLE,UNSATISFIABLE,UNSATISFIABLE,UNSATISFIABLE,UNSATISFIABLE,UNSATISFIABLE,UNSATISFIABLE
sc-2021/Mycielski-10-hints-10.cnf.xz,UNSATISFIABLE,UNSATISFIABLE,UNSATISFIABLE,UNSATISFIABLE,UNSATISFIABLE,UNSATISFIABLE,UNSATISFIABLE,UNSATISFIABLE,UNSATISFIABLE,UNSATISFIABLE,UNSATISFIABLE
sc-2021/SC21_Timetable_C_181_E_34_Cl_12_S_8.cnf.xz,,,,,,,,,,,
sc-2021/at-least-two-smtlib-qfbv-aigs-ext_con_032_008_0256-tseitin.cnf.xz,UNSATISFIABLE,UNSATISFIABLE,UNSATISFIABLE,UNSATISFIABLE,UNSATISFIABLE,UNSATISFIABLE,UNSATISFIABLE,UNSATISFIABLE,UNSATISFIABLE,UNSATISFIABLE,UNSATISFIABLE
sc-2021/bvsub_08985.smt2.cnf.xz,UNSATISFIABLE,UNSATISFIABLE,UNSATISFIABLE,UNSATISFIABLE,UNSATISFIABLE,UNSATISFIABLE,,UNSATISFIABLE,UNSATISFIABLE,UNSATISFIABLE,UNSATISFIABLE
sc-2021/bv-term-small-rw_1294.smt2.cnf.xz,,,,,,,,,,,
sc-2021/pb_300_05_lb_17.cnf.xz,SATISFIABLE,SATISFIABLE,SATISFIABLE,SATISFIABLE,SATISFIABLE,SATISFIABLE,,SATISFIABLE,SATISFIABLE,SATISFIABLE,SATISFIABLE
sc-2021/puzzle60_sat.cnf.xz,,,,,,,,,,,
sc-2021/20-100-lambda100-14_unsat.cnf.xz,UNSATISFIABLE,UNSATISFIABLE,UNSATISFIABLE,UNSATISFIABLE,UNSATISFIABLE,UNSATISFIABLE,UNSATISFIABLE,UNSATISFIABLE,UNSATISFIABLE,UNSATISFIABLE,UNSATISFIABLE
sc-2021/string_compare_safety_cbmc_unwinding_630.cnf.xz,UNSATISFIABLE,UNSATISFIABLE,UNSATISFIABLE,UNSATISFIABLE,UNSATISFIABLE,UNSATISFIABLE,UNSATISFIABLE,UNSATISFIABLE,UNSATISFIABLE,UNSATISFIABLE,UNSATISFIABLE
sc-2021/prime_a24_b24.cnf.xz,SATISFIABLE,SATISFIABLE,SATISFIABLE,SATISFIABLE,SATISFIABLE,SATISFIABLE,,SATISFIABLE,SATISFIABLE,SATISFIABLE,SATISFIABLE
sc-2021/vlsat2_56_1042.cnf.xz,UNSATISFIABLE,,UNSATISFIABLE,,UNSATISFIABLE,UNSATISFIABLE,UNSATISFIABLE,UNSATISFIABLE,UNSATISFIABLE,,UNSATISFIABLE
sc-2021/2bitcomp_5.hg_20.cnf.xz,SATISFIABLE,SATISFIABLE,SATISFIABLE,,,,,,SATISFIABLE,SATISFIABLE,
sc-2021/vlsat2_44_545.cnf.xz,UNSATISFIABLE,,UNSATISFIABLE,UNSATISFIABLE,UNSATISFIABLE,UNSATISFIABLE,UNSATISFIABLE,UNSATISFIABLE,UNSATISFIABLE,,UNSATISFIABLE
sc-2021/Circuit_multiplier26.cnf.xz,SATISFIABLE,SATISFIABLE,SATISFIABLE,SATISFIABLE,SATISFIABLE,SATISFIABLE,,SATISFIABLE,SATISFIABLE,SATISFIABLE,SATISFIABLE
sc-2021/MVD_ADS_S11_8_7.cnf.xz,SATISFIABLE,SATISFIABLE,SATISFIABLE,SATISFIABLE,SATISFIABLE,SATISFIABLE,,SATISFIABLE,SATISFIABLE,SATISFIABLE,SATISFIABLE
sc-2021/edit_distance041_183.cnf.xz,UNSATISFIABLE,UNSATISFIABLE,UNSATISFIABLE,UNSATISFIABLE,UNSATISFIABLE,UNSATISFIABLE,UNSATISFIABLE,UNSATISFIABLE,UNSATISFIABLE,UNSATISFIABLE,UNSATISFIABLE
sc-2021/satch2ways14u.cnf.xz,UNSATISFIABLE,UNSATISFIABLE,UNSATISFIABLE,UNSATISFIABLE,UNSATISFIABLE,UNSATISFIABLE,UNSATISFIABLE,UNSATISFIABLE,UNSATISFIABLE,UNSATISFIABLE,UNSATISFIABLE
sc-2021/sum_of_3_cubes_94_bits_30.cnf.xz,,,,,,,,,,,
sc-2021/b2005-p2-14x14c17h9-Ser5-0.cnf.xz,,,,,,,,,,,
sc-2021/20-100-lambda100-89_sat.cnf.xz,SATISFIABLE,SATISFIABLE,SATISFIABLE,SATISFIABLE,SATISFIABLE,SATISFIABLE,,SATISFIABLE,SATISFIABLE,SATISFIABLE,SATISFIABLE
sc-2021/ecarev-110-4099-22-30-4.cnf.xz,SATISFIABLE,SATISFIABLE,SATISFIABLE,SATISFIABLE,SATISFIABLE,SATISFIABLE,,SATISFIABLE,SATISFIABLE,SATISFIABLE,SATISFIABLE
sc-2021/ktf_TF-1.tf_4_0.06_101.cnf.xz,SATISFIABLE,SATISFIABLE,SATISFIABLE,SATISFIABLE,,SATISFIABLE,,SATISFIABLE,SATISFIABLE,SATISFIABLE,SATISFIABLE
sc-2021/randomG-B-Mix-n16-d05.cnf.xz,UNSATISFIABLE,UNSATISFIABLE,UNSATISFIABLE,UNSATISFIABLE,UNSATISFIABLE,UNSATISFIABLE,UNSATISFIABLE,UNSATISFIABLE,UNSATISFIABLE,UNSATISFIABLE,UNSATISFIABLE
sc-2021/size_5_5_5_i003_r12.cnf.xz,SATISFIABLE,,SATISFIABLE,,,SATISFIABLE,,,SATISFIABLE,SATISFIABLE,
sc-2021/blocks-blocks-37-1.130-NOTKNOWN.cnf.xz,UNSATISFIABLE,UNSATISFIABLE,UNSATISFIABLE,UNSATISFIABLE,UNSATISFIABLE,UNSATISFIABLE,UNSATISFIABLE,UNSATISFIABLE,UNSATISFIABLE,UNSATISFIABLE,UNSATISFIABLE
sc-2021/spg_330_400.cnf.xz,UNSATISFIABLE,UNSATISFIABLE,UNSATISFIABLE,UNSATISFIABLE,UNSATISFIABLE,UNSATISFIABLE,UNSATISFIABLE,UNSATISFIABLE,UNSATISFIABLE,UNSATISFIABLE,UNSATISFIABLE
sc-2021/ex065_25.cnf.xz,SATISFIABLE,SATISFIABLE,SATISFIABLE,SATISFIABLE,SATISFIABLE,SATISFIABLE,,SATISFIABLE,SATISFIABLE,SATISFIABLE,
sc-2021/b2005-p4-14x14c17h9-Ser8-0.cnf.xz,,,,,,,,,,,
sc-2021/sp5-26-19-bin-stri-flat-noid.cnf.xz,SATISFIABLE,SATISFIABLE,SATISFIABLE,SATISFIABLE,SATISFIABLE,SATISFIABLE,,SATISFIABLE,SATISFIABLE,SATISFIABLE,SATISFIABLE
sc-2021/HCP-470-420.cnf.xz,SATISFIABLE,SATISFIABLE,SATISFIABLE,SATISFIABLE,SATISFIABLE,SATISFIABLE,,SATISFIABLE,SATISFIABLE,SATISFIABLE,SATISFIABLE
sc-2021/randomG-Mix-n17-d05.cnf.xz,UNSATISFIABLE,UNSATISFIABLE,,UNSATISFIABLE,UNSATISFIABLE,UNSATISFIABLE,UNSATISFIABLE,UNSATISFIABLE,UNSATISFIABLE,,UNSATISFIABLE
sc-2021/simon03:sat02bis:k2fix_gr_rcs_w8.used-as.sat04-353.cnf.xz,UNSATISFIABLE,UNSATISFIABLE,UNSATISFIABLE,UNSATISFIABLE,UNSATISFIABLE,UNSATISFIABLE,UNSATISFIABLE,UNSATISFIABLE,UNSATISFIABLE,UNSATISFIABLE,UNSATISFIABLE
sc-2021/satch2ways12u.cnf.xz,UNSATISFIABLE,UNSATISFIABLE,UNSATISFIABLE,UNSATISFIABLE,UNSATISFIABLE,UNSATISFIABLE,UNSATISFIABLE,UNSATISFIABLE,UNSATISFIABLE,UNSATISFIABLE,UNSATISFIABLE
sc-2021/prime_a20_b20.cnf.xz,SATISFIABLE,SATISFIABLE,SATISFIABLE,SATISFIABLE,SATISFIABLE,SATISFIABLE,,SATISFIABLE,SATISFIABLE,SATISFIABLE,SATISFIABLE
sc-2021/crafted_n10_d6_c4_num21.cnf.xz,UNSATISFIABLE,UNSATISFIABLE,UNSATISFIABLE,UNSATISFIABLE,UNSATISFIABLE,UNSATISFIABLE,UNSATISFIABLE,UNSATISFIABLE,UNSATISFIABLE,UNSATISFIABLE,UNSATISFIABLE
sc-2021/spg_420_350.cnf.xz,UNSATISFIABLE,UNSATISFIABLE,UNSATISFIABLE,UNSATISFIABLE,UNSATISFIABLE,UNSATISFIABLE,UNSATISFIABLE,UNSATISFIABLE,UNSATISFIABLE,UNSATISFIABLE,UNSATISFIABLE
sc-2021/spg_300_312.cnf.xz,UNSATISFIABLE,UNSATISFIABLE,UNSATISFIABLE,UNSATISFIABLE,UNSATISFIABLE,UNSATISFIABLE,UNSATISFIABLE,UNSATISFIABLE,UNSATISFIABLE,UNSATISFIABLE,UNSATISFIABLE
sc-2021/assoc_mult_err_3.c.cnf.xz,UNSATISFIABLE,UNSATISFIABLE,UNSATISFIABLE,UNSATISFIABLE,UNSATISFIABLE,UNSATISFIABLE,UNSATISFIABLE,UNSATISFIABLE,UNSATISFIABLE,UNSATISFIABLE,UNSATISFIABLE
sc-2021/string_compare_safety_cbmc_unwinding_600.cnf.xz,UNSATISFIABLE,UNSATISFIABLE,UNSATISFIABLE,UNSATISFIABLE,UNSATISFIABLE,UNSATISFIABLE,UNSATISFIABLE,UNSATISFIABLE,UNSATISFIABLE,UNSATISFIABLE,UNSATISFIABLE
sc-2021/stb_588_138.apx_1.cnf.xz,SATISFIABLE,SATISFIABLE,SATISFIABLE,SATISFIABLE,SATISFIABLE,SATISFIABLE,,SATISFIABLE,SATISFIABLE,SATISFIABLE,SATISFIABLE
sc-2021/puzzle51_unsat.cnf.xz,,,,,,,,,,,
sc-2021/quad_res_r34_m36.cnf.xz,,,,,,,,,,,
sc-2021/sum_of_3_cubes_37_bits_87.cnf.xz,SATISFIABLE,SATISFIABLE,SATISFIABLE,SATISFIABLE,SATISFIABLE,SATISFIABLE,,SATISFIABLE,SATISFIABLE,SATISFIABLE,SATISFIABLE
sc-2021/HCP-526-105.cnf.xz,SATISFIABLE,SATISFIABLE,SATISFIABLE,SATISFIABLE,SATISFIABLE,SATISFIABLE,,SATISFIABLE,SATISFIABLE,SATISFIABLE,SATISFIABLE
sc-2021/maximum_constrained_partition_18_bits_n200.cnf.xz,SATISFIABLE,SATISFIABLE,SATISFIABLE,SATISFIABLE,SATISFIABLE,SATISFIABLE,,SATISFIABLE,SATISFIABLE,SATISFIABLE,SATISFIABLE
sc-2021/LABS_n072_goal006.cnf.xz,SATISFIABLE,SATISFIABLE,SATISFIABLE,SATISFIABLE,SATISFIABLE,SATISFIABLE,,SATISFIABLE,,SATISFIABLE,SATISFIABLE
sc-2021/huck.col.11.cnf.xz,UNSATISFIABLE,UNSATISFIABLE,UNSATISFIABLE,UNSATISFIABLE,UNSATISFIABLE,UNSATISFIABLE,UNSATISFIABLE,,UNSATISFIABLE,UNSATISFIABLE,UNSATISFIABLE
sc-2021/vlsat2_111_1186.cnf.xz,SATISFIABLE,SATISFIABLE,SATISFIABLE,SATISFIABLE,SATISFIABLE,SATISFIABLE,,SATISFIABLE,SATISFIABLE,SATISFIABLE,SATISFIABLE
sc-2021/vlsat2_297_3780.cnf.xz,SATISFIABLE,SATISFIABLE,SATISFIABLE,SATISFIABLE,,SATISFIABLE,,SATISFIABLE,SATISFIABLE,SATISFIABLE,SATISFIABLE
sc-2021/mp1-Nb7T44.cnf.xz,SATISFIABLE,,SATISFIABLE,SATISFIABLE,,,,,SATISFIABLE,SATISFIABLE,
sc-2021/Mycielski-11-hints-3.cnf.xz,UNSATISFIABLE,UNSATISFIABLE,UNSATISFIABLE,UNSATISFIABLE,UNSATISFIABLE,UNSATISFIABLE,UNSATISFIABLE,UNSATISFIABLE,UNSATISFIABLE,UNSATISFIABLE,UNSATISFIABLE
sc-2021/ak128paralparalisc.cnf.xz,UNSATISFIABLE,UNSATISFIABLE,,UNSATISFIABLE,UNSATISFIABLE,UNSATISFIABLE,,UNSATISFIABLE,,,UNSATISFIABLE
sc-2021/Kakuro-easy-127-ext.xml.hg_7.cnf.xz,SATISFIABLE,SATISFIABLE,SATISFIABLE,SATISFIABLE,SATISFIABLE,SATISFIABLE,,SATISFIABLE,SATISFIABLE,SATISFIABLE,SATISFIABLE
sc-2021/MVD_ADS_S6_6_5.cnf.xz,UNSATISFIABLE,UNSATISFIABLE,UNSATISFIABLE,UNSATISFIABLE,UNSATISFIABLE,UNSATISFIABLE,UNSATISFIABLE,UNSATISFIABLE,UNSATISFIABLE,UNSATISFIABLE,UNSATISFIABLE
sc-2021/mp1-bsat201-707.cnf.xz,UNSATISFIABLE,UNSATISFIABLE,UNSATISFIABLE,UNSATISFIABLE,UNSATISFIABLE,UNSATISFIABLE,UNSATISFIABLE,UNSATISFIABLE,UNSATISFIABLE,UNSATISFIABLE,UNSATISFIABLE
sc-2021/Kakuro-easy-051-ext.xml.hg_4.cnf.xz,UNSATISFIABLE,UNSATISFIABLE,UNSATISFIABLE,UNSATISFIABLE,UNSATISFIABLE,UNSATISFIABLE,UNSATISFIABLE,UNSATISFIABLE,UNSATISFIABLE,UNSATISFIABLE,UNSATISFIABLE
sc-2021/randomG-n18-d05.cnf.xz,UNSATISFIABLE,,,UNSATISFIABLE,,,,,,,UNSATISFIABLE
sc-2021/ex095_8.cnf.xz,UNSATISFIABLE,,UNSATISFIABLE,UNSATISFIABLE,UNSATISFIABLE,UNSATISFIABLE,,UNSATISFIABLE,,UNSATISFIABLE,UNSATISFIABLE
sc-2021/quad_res_r37_m39.cnf.xz,,,,,,,,,,,
sc-2021/quad_res_r29_m32.cnf.xz,SATISFIABLE,,,,SATISFIABLE,,,SATISFIABLE,,,
sc-2021/satch2ways18wu.cnf.xz,,,,,,,,,,,
sc-2021/Circuit_multiplier25.cnf.xz,SATISFIABLE,SATISFIABLE,SATISFIABLE,SATISFIABLE,SATISFIABLE,,,SATISFIABLE,SATISFIABLE,SATISFIABLE,SATISFIABLE
sc-2021/Circuit_multiplier29.cnf.xz,SATISFIABLE,SATISFIABLE,SATISFIABLE,SATISFIABLE,SATISFIABLE,SATISFIABLE,,SATISFIABLE,SATISFIABLE,SATISFIABLE,SATISFIABLE
sc-2021/SC21_Timetable_C_136_E_36_Cl_9_S_15.cnf.xz,,,,,,,,,,,
sc-2021/satch2ways17w.cnf.xz,,,,,,,,,,,
sc-2021/ktf_TF-4.tf_4_0.04_35.cnf.xz,UNSATISFIABLE,UNSATISFIABLE,UNSATISFIABLE,UNSATISFIABLE,UNSATISFIABLE,UNSATISFIABLE,UNSATISFIABLE,UNSATISFIABLE,UNSATISFIABLE,UNSATISFIABLE,UNSATISFIABLE
sc-2021/string_compare_safety_cbmc_unwinding_940.cnf.xz,UNSATISFIABLE,UNSATISFIABLE,UNSATISFIABLE,UNSATISFIABLE,UNSATISFIABLE,UNSATISFIABLE,UNSATISFIABLE,UNSATISFIABLE,UNSATISFIABLE,UNSATISFIABLE,
sc-2021/E02F17.cnf.xz,UNSATISFIABLE,UNSATISFIABLE,UNSATISFIABLE,UNSATISFIABLE,UNSATISFIABLE,UNSATISFIABLE,UNSATISFIABLE,,UNSATISFIABLE,UNSATISFIABLE,UNSATISFIABLE
sc-2021/sted6_0x1e3-97.cnf.xz,SATISFIABLE,SATISFIABLE,SATISFIABLE,SATISFIABLE,SATISFIABLE,SATISFIABLE,,SATISFIABLE,SATISFIABLE,SATISFIABLE,SATISFIABLE
sc-2021/mp1-tri_ali_s11_c35_abix_UNS.cnf.xz,UNSATISFIABLE,UNSATISFIABLE,UNSATISFIABLE,UNSATISFIABLE,UNSATISFIABLE,UNSATISFIABLE,UNSATISFIABLE,UNSATISFIABLE,UNSATISFIABLE,UNSATISFIABLE,UNSATISFIABLE
sc-2021/p01_lb_05.cnf.xz,UNSATISFIABLE,UNSATISFIABLE,UNSATISFIABLE,UNSATISFIABLE,UNSATISFIABLE,UNSATISFIABLE,UNSATISFIABLE,UNSATISFIABLE,UNSATISFIABLE,UNSATISFIABLE,UNSATISFIABLE
sc-2021/at-least-two-maris-s03-gripper11.cnf.xz,SATISFIABLE,SATISFIABLE,SATISFIABLE,SATISFIABLE,SATISFIABLE,SATISFIABLE,,SATISFIABLE,SATISFIABLE,SATISFIABLE,SATISFIABLE
sc-2021/mp1-Nb6T06.cnf.xz,UNSATISFIABLE,UNSATISFIABLE,UNSATISFIABLE,UNSATISFIABLE,UNSATISFIABLE,UNSATISFIABLE,UNSATISFIABLE,UNSATISFIABLE,UNSATISFIABLE,UNSATISFIABLE,UNSATISFIABLE
sc-2021/blocks-blocks-36-0.180-SAT.cnf.xz,SATISFIABLE,SATISFIABLE,SATISFIABLE,SATISFIABLE,SATISFIABLE,SATISFIABLE,,SATISFIABLE,SATISFIABLE,SATISFIABLE,SATISFIABLE
sc-2021/b2005-p1-14x14c17h9-Ser3-0.cnf.xz,,,,,,,,,,,
sc-2021/at-least-two-traffic_kkb_unknown.cnf.xz,UNSATISFIABLE,UNSATISFIABLE,UNSATISFIABLE,UNSATISFIABLE,UNSATISFIABLE,UNSATISFIABLE,UNSATISFIABLE,UNSATISFIABLE,UNSATISFIABLE,UNSATISFIABLE,UNSATISFIABLE
sc-2021/ex175_20.cnf.xz,SATISFIABLE,SATISFIABLE,SATISFIABLE,SATISFIABLE,SATISFIABLE,SATISFIABLE,,SATISFIABLE,SATISFIABLE,SATISFIABLE,SATISFIABLE
sc-2021/randomG-n17-d05.cnf.xz,UNSATISFIABLE,UNSATISFIABLE,,UNSATISFIABLE,UNSATISFIABLE,UNSATISFIABLE,,UNSATISFIABLE,UNSATISFIABLE,,UNSATISFIABLE
sc-2021/spg_200_317.cnf.xz,UNSATISFIABLE,UNSATISFIABLE,UNSATISFIABLE,UNSATISFIABLE,UNSATISFIABLE,UNSATISFIABLE,UNSATISFIABLE,UNSATISFIABLE,UNSATISFIABLE,UNSATISFIABLE,UNSATISFIABLE
sc-2021/b2005-p5-12x12c10h7-Ser5-0.cnf.xz,,,,,,,,,,,
sc-2021/Circuit_multiplier24.cnf.xz,SATISFIABLE,SATISFIABLE,SATISFIABLE,SATISFIABLE,SATISFIABLE,SATISFIABLE,,SATISFIABLE,SATISFIABLE,SATISFIABLE,SATISFIABLE
sc-2021/sted5_0x1e3-120.cnf.xz,SATISFIABLE,SATISFIABLE,SATISFIABLE,SATISFIABLE,SATISFIABLE,SATISFIABLE,,SATISFIABLE,SATISFIABLE,SATISFIABLE,SATISFIABLE
sc-2021/sum_of_3_cubes_50_bits_91.cnf.xz,SATISFIABLE,SATISFIABLE,SATISFIABLE,SATISFIABLE,SATISFIABLE,SATISFIABLE,,SATISFIABLE,SATISFIABLE,SATISFIABLE,SATISFIABLE
sc-2021/Kakuro-easy-115-ext.xml.hg_5.cnf.xz,SATISFIABLE,SATISFIABLE,SATISFIABLE,SATISFIABLE,SATISFIABLE,SATISFIABLE,,SATISFIABLE,SATISFIABLE,SATISFIABLE,SATISFIABLE
sc-2021/mp1-klieber2017s-1000-024-eq.cnf.xz,UNSATISFIABLE,UNSATISFIABLE,UNSATISFIABLE,UNSATISFIABLE,UNSATISFIABLE,UNSATISFIABLE,UNSATISFIABLE,,UNSATISFIABLE,UNSATISFIABLE,UNSATISFIABLE
sc-2021/satch2ways15.cnf.xz,UNSATISFIABLE,UNSATISFIABLE,UNSATISFIABLE,UNSATISFIABLE,UNSATISFIABLE,UNSATISFIABLE,UNSATISFIABLE,UNSATISFIABLE,UNSATISFIABLE,UNSATISFIABLE,UNSATISFIABLE
sc-2021/bv-term-small-rw_1492.smt2.cnf.xz,SATISFIABLE,SATISFIABLE,SATISFIABLE,SATISFIABLE,SATISFIABLE,SATISFIABLE,,SATISFIABLE,SATISFIABLE,SATISFIABLE,SATISFIABLE
sc-2021/puzzle34_sat.cnf.xz,SATISFIABLE,,SATISFIABLE,SATISFIABLE,SATISFIABLE,SATISFIABLE,,SATISFIABLE,SATISFIABLE,SATISFIABLE,SATISFIABLE
sc-2021/LABS_n069_goal001.cnf.xz,UNSATISFIABLE,UNSATISFIABLE,UNSATISFIABLE,UNSATISFIABLE,UNSATISFIABLE,UNSATISFIABLE,UNSATISFIABLE,UNSATISFIABLE,UNSATISFIABLE,UNSATISFIABLE,UNSATISFIABLE
sc-2021/MVD_ADS_S3_5_5.cnf.xz,UNSATISFIABLE,UNSATISFIABLE,UNSATISFIABLE,UNSATISFIABLE,UNSATISFIABLE,UNSATISFIABLE,UNSATISFIABLE,UNSATISFIABLE,UNSATISFIABLE,UNSATISFIABLE,UNSATISFIABLE
sc-2021/MVD_ADS_S1_5_5.cnf.xz,UNSATISFIABLE,UNSATISFIABLE,UNSATISFIABLE,UNSATISFIABLE,UNSATISFIABLE,UNSATISFIABLE,UNSATISFIABLE,UNSATISFIABLE,UNSATISFIABLE,UNSATISFIABLE,UNSATISFIABLE
sc-2021/puzzle30_sat.cnf.xz,SATISFIABLE,SATISFIABLE,SATISFIABLE,SATISFIABLE,SATISFIABLE,SATISFIABLE,,SATISFIABLE,SATISFIABLE,SATISFIABLE,SATISFIABLE
sc-2021/20-100-lambda100-65_sat.cnf.xz,SATISFIABLE,SATISFIABLE,SATISFIABLE,SATISFIABLE,SATISFIABLE,SATISFIABLE,,SATISFIABLE,SATISFIABLE,SATISFIABLE,SATISFIABLE
sc-2021/blocks-blocks-37-1.120-NOTKNOWN.cnf.xz,UNSATISFIABLE,UNSATISFIABLE,UNSATISFIABLE,UNSATISFIABLE,UNSATISFIABLE,UNSATISFIABLE,UNSATISFIABLE,UNSATISFIABLE,UNSATISFIABLE,UNSATISFIABLE,UNSATISFIABLE
sc-2021/ctl_4291_567_1_unsat.cnf.xz,UNSATISFIABLE,UNSATISFIABLE,UNSATISFIABLE,UNSATISFIABLE,UNSATISFIABLE,UNSATISFIABLE,UNSATISFIABLE,UNSATISFIABLE,UNSATISFIABLE,UNSATISFIABLE,UNSATISFIABLE
sc-2021/at-least-two-hwmcc10-timeframe-expansion-k50-pdtviseisenberg2-tseitin.cnf.xz,UNSATISFIABLE,UNSATISFIABLE,UNSATISFIABLE,UNSATISFIABLE,UNSATISFIABLE,UNSATISFIABLE,UNSATISFIABLE,UNSATISFIABLE,UNSATISFIABLE,UNSATISFIABLE,UNSATISFIABLE
sc-2021/20-100-frag12-32_sat.cnf.xz,SATISFIABLE,SATISFIABLE,SATISFIABLE,SATISFIABLE,SATISFIABLE,SATISFIABLE,,SATISFIABLE,SATISFIABLE,SATISFIABLE,SATISFIABLE
sc-2021/shift1add.26949.cnf.xz,UNSATISFIABLE,UNSATISFIABLE,UNSATISFIABLE,UNSATISFIABLE,UNSATISFIABLE,UNSATISFIABLE,UNSATISFIABLE,UNSATISFIABLE,UNSATISFIABLE,UNSATISFIABLE,UNSATISFIABLE
sc-2021/ctl_4291_567_9_unsat.cnf.xz,UNSATISFIABLE,UNSATISFIABLE,UNSATISFIABLE,UNSATISFIABLE,UNSATISFIABLE,UNSATISFIABLE,UNSATISFIABLE,UNSATISFIABLE,UNSATISFIABLE,UNSATISFIABLE,UNSATISFIABLE
sc-2021/Kakuro-easy-142-ext.xml.hg_8.cnf.xz,SATISFIABLE,SATISFIABLE,SATISFIABLE,SATISFIABLE,SATISFIABLE,SATISFIABLE,,SATISFIABLE,SATISFIABLE,SATISFIABLE,SATISFIABLE
sc-2021/79.smt2.cnf.xz,,,,,,,,,,,
sc-2021/SC21_Timetable_C_527_E_71_Cl_35_S_35.cnf.xz,SATISFIABLE,SATISFIABLE,SATISFIABLE,,SATISFIABLE,SATISFIABLE,,SATISFIABLE,SATISFIABLE,SATISFIABLE,SATISFIABLE
sc-2021/sokoban-p20.sas.cr.21.cnf.xz,UNSATISFIABLE,UNSATISFIABLE,UNSATISFIABLE,UNSATISFIABLE,UNSATISFIABLE,UNSATISFIABLE,UNSATISFIABLE,UNSATISFIABLE,UNSATISFIABLE,UNSATISFIABLE,UNSATISFIABLE
sc-2021/mp1-Nb6T07.cnf.xz,UNSATISFIABLE,UNSATISFIABLE,UNSATISFIABLE,UNSATISFIABLE,UNSATISFIABLE,UNSATISFIABLE,,UNSATISFIABLE,UNSATISFIABLE,UNSATISFIABLE,UNSATISFIABLE
sc-2021/ecarev-110-1031-23-40-8.cnf.xz,SATISFIABLE,SATISFIABLE,SATISFIABLE,SATISFIABLE,SATISFIABLE,SATISFIABLE,,SATISFIABLE,,SATISFIABLE,SATISFIABLE
sc-2021/ktf_TF-6.tf_4_0.04_51.cnf.xz,,,,,,,,,,,
sc-2021/Mycielski-10-hints-6.cnf.xz,,,,,,,,,,,
sc-2021/puzzle36_sat.cnf.xz,SATISFIABLE,SATISFIABLE,SATISFIABLE,SATISFIABLE,,,,,SATISFIABLE,SATISFIABLE,SATISFIABLE
sc-2021/bvsub_19952.smt2.cnf.xz,UNSATISFIABLE,UNSATISFIABLE,UNSATISFIABLE,UNSATISFIABLE,UNSATISFIABLE,UNSATISFIABLE,UNSATISFIABLE,UNSATISFIABLE,UNSATISFIABLE,UNSATISFIABLE,UNSATISFIABLE
sc-2021/snw_13_8_pre.cnf.xz,UNSATISFIABLE,UNSATISFIABLE,UNSATISFIABLE,UNSATISFIABLE,UNSATISFIABLE,UNSATISFIABLE,UNSATISFIABLE,UNSATISFIABLE,UNSATISFIABLE,UNSATISFIABLE,UNSATISFIABLE
sc-2021/Circuit_multiplier34.cnf.xz,SATISFIABLE,SATISFIABLE,SATISFIABLE,SATISFIABLE,SATISFIABLE,SATISFIABLE,,SATISFIABLE,SATISFIABLE,SATISFIABLE,SATISFIABLE
sc-2021/sp5-26-19-una-nons-tree-noid.cnf.xz,SATISFIABLE,SATISFIABLE,SATISFIABLE,SATISFIABLE,SATISFIABLE,SATISFIABLE,,SATISFIABLE,SATISFIABLE,SATISFIABLE,SATISFIABLE
sc-2021/puzzle34_unsat.cnf.xz,UNSATISFIABLE,UNSATISFIABLE,UNSATISFIABLE,UNSATISFIABLE,UNSATISFIABLE,UNSATISFIABLE,UNSATISFIABLE,UNSATISFIABLE,UNSATISFIABLE,UNSATISFIABLE,UNSATISFIABLE
sc-2021/mp1-squ_any_s09x07_c27_abix_UNS.cnf.xz,UNSATISFIABLE,UNSATISFIABLE,UNSATISFIABLE,UNSATISFIABLE,UNSATISFIABLE,UNSATISFIABLE,UNSATISFIABLE,UNSATISFIABLE,UNSATISFIABLE,UNSATISFIABLE,UNSATISFIABLE
sc-2021/randomG-B-Mix-n19-d05.cnf.xz,,,,,,,,,,,
sc-2021/string_compare_safety_cbmc_unwinding_930.cnf.xz,UNSATISFIABLE,UNSATISFIABLE,UNSATISFIABLE,UNSATISFIABLE,UNSATISFIABLE,UNSATISFIABLE,UNSATISFIABLE,UNSATISFIABLE,UNSATISFIABLE,UNSATISFIABLE,UNSATISFIABLE
sc-2021/sted2_0x0-343.cnf.xz,SATISFIABLE,SATISFIABLE,SATISFIABLE,SATISFIABLE,SATISFIABLE,SATISFIABLE,,SATISFIABLE,SATISFIABLE,SATISFIABLE,SATISFIABLE
sc-2021/Circuit_multiplier53.cnf.xz,SATISFIABLE,,SATISFIABLE,SATISFIABLE,SATISFIABLE,,,,,SATISFIABLE,
sc-2021/sokoban-p20.sas.ex.13.cnf.xz,UNSATISFIABLE,UNSATISFIABLE,UNSATISFIABLE,UNSATISFIABLE,UNSATISFIABLE,UNSATISFIABLE,UNSATISFIABLE,UNSATISFIABLE,UNSATISFIABLE,UNSATISFIABLE,UNSATISFIABLE
sc-2021/satch2ways12wu.cnf.xz,UNSATISFIABLE,UNSATISFIABLE,UNSATISFIABLE,UNSATISFIABLE,UNSATISFIABLE,UNSATISFIABLE,UNSATISFIABLE,UNSATISFIABLE,UNSATISFIABLE,UNSATISFIABLE,UNSATISFIABLE
sc-2021/sp5-21-15-bin-stri-tree-noid.cnf.xz,SATISFIABLE,SATISFIABLE,SATISFIABLE,SATISFIABLE,SATISFIABLE,SATISFIABLE,,SATISFIABLE,SATISFIABLE,SATISFIABLE,SATISFIABLE
sc-2021/UR-20-5p1.cnf.xz,SATISFIABLE,SATISFIABLE,SATISFIABLE,SATISFIABLE,SATISFIABLE,SATISFIABLE,,SATISFIABLE,,SATISFIABLE,SATISFIABLE
sc-2021/sp5-21-15-una-nons-tree-noid.cnf.xz,SATISFIABLE,SATISFIABLE,SATISFIABLE,SATISFIABLE,SATISFIABLE,SATISFIABLE,,SATISFIABLE,SATISFIABLE,SATISFIABLE,SATISFIABLE
sc-2021/20-100-lambda100-47_unsat.cnf.xz,UNSATISFIABLE,UNSATISFIABLE,UNSATISFIABLE,UNSATISFIABLE,UNSATISFIABLE,UNSATISFIABLE,UNSATISFIABLE,UNSATISFIABLE,UNSATISFIABLE,UNSATISFIABLE,UNSATISFIABLE
sc-2021/bvsdiv_19.smt2.cnf.xz,UNSATISFIABLE,UNSATISFIABLE,UNSATISFIABLE,UNSATISFIABLE,UNSATISFIABLE,UNSATISFIABLE,UNSATISFIABLE,UNSATISFIABLE,UNSATISFIABLE,UNSATISFIABLE,UNSATISFIABLE
sc-2021/spg_400_281.cnf.xz,UNSATISFIABLE,UNSATISFIABLE,UNSATISFIABLE,UNSATISFIABLE,UNSATISFIABLE,UNSATISFIABLE,UNSATISFIABLE,UNSATISFIABLE,UNSATISFIABLE,UNSATISFIABLE,UNSATISFIABLE
sc-2021/edit_distance025_448.cnf.xz,SATISFIABLE,,SATISFIABLE,SATISFIABLE,,,,SATISFIABLE,SATISFIABLE,SATISFIABLE,SATISFIABLE
sc-2021/g2-ACG-15-10p1.cnf.xz,SATISFIABLE,SATISFIABLE,SATISFIABLE,SATISFIABLE,SATISFIABLE,SATISFIABLE,,SATISFIABLE,,SATISFIABLE,SATISFIABLE
sc-2021/Circuit_multiplier33.cnf.xz,SATISFIABLE,SATISFIABLE,SATISFIABLE,SATISFIABLE,SATISFIABLE,SATISFIABLE,,SATISFIABLE,SATISFIABLE,SATISFIABLE,SATISFIABLE
sc-2021/9dlx_vliw_at_b_iq5.cnf.xz,UNSATISFIABLE,UNSATISFIABLE,UNSATISFIABLE,UNSATISFIABLE,UNSATISFIABLE,UNSATISFIABLE,UNSATISFIABLE,UNSATISFIABLE,,UNSATISFIABLE,UNSATISFIABLE
sc-2021/vlsat2_377_5364.cnf.xz,SATISFIABLE,SATISFIABLE,SATISFIABLE,SATISFIABLE,SATISFIABLE,SATISFIABLE,,,SATISFIABLE,SATISFIABLE,SATISFIABLE
sc-2021/crafted_n11_d6_c4_num14.cnf.xz,UNSATISFIABLE,UNSATISFIABLE,UNSATISFIABLE,UNSATISFIABLE,UNSATISFIABLE,UNSATISFIABLE,UNSATISFIABLE,UNSATISFIABLE,UNSATISFIABLE,UNSATISFIABLE,UNSATISFIABLE
sc-2021/20-100-p100-55_sat.cnf.xz,SATISFIABLE,SATISFIABLE,SATISFIABLE,SATISFIABLE,SATISFIABLE,SATISFIABLE,,SATISFIABLE,SATISFIABLE,SATISFIABLE,SATISFIABLE
sc-2021/MVD_ADS_S9_6_6.cnf.xz,UNSATISFIABLE,UNSATISFIABLE,UNSATISFIABLE,UNSATISFIABLE,UNSATISFIABLE,UNSATISFIABLE,UNSATISFIABLE,UNSATISFIABLE,UNSATISFIABLE,UNSATISFIABLE,UNSATISFIABLE
sc-2021/barman-pfile10-039.sas.ex.15.cnf.xz,UNSATISFIABLE,,UNSATISFIABLE,UNSATISFIABLE,,,,,,UNSATISFIABLE,UNSATISFIABLE
sc-2021/Kakuro-easy-132-ext.xml.hg_8.cnf.xz,SATISFIABLE,SATISFIABLE,SATISFIABLE,,SATISFIABLE,SATISFIABLE,,SATISFIABLE,SATISFIABLE,SATISFIABLE,SATISFIABLE
sc-2021/HCP-446-105.cnf.xz,SATISFIABLE,SATISFIABLE,SATISFIABLE,SATISFIABLE,SATISFIABLE,SATISFIABLE,,SATISFIABLE,SATISFIABLE,SATISFIABLE,SATISFIABLE
sc-2021/puzzle42_sat.cnf.xz,SATISFIABLE,,SATISFIABLE,,,,,,,SATISFIABLE,
sc-2021/n320p5q2_n.apx_16.cnf.xz,SATISFIABLE,SATISFIABLE,SATISFIABLE,SATISFIABLE,SATISFIABLE,SATISFIABLE,,SATISFIABLE,SATISFIABLE,SATISFIABLE,SATISFIABLE
sc-2021/satch2ways15wu.cnf.xz,UNSATISFIABLE,UNSATISFIABLE,UNSATISFIABLE,UNSATISFIABLE,UNSATISFIABLE,UNSATISFIABLE,,UNSATISFIABLE,UNSATISFIABLE,UNSATISFIABLE,UNSATISFIABLE
sc-2021/ak016modbtsimpbisc.cnf.xz,UNSATISFIABLE,UNSATISFIABLE,UNSATISFIABLE,UNSATISFIABLE,UNSATISFIABLE,UNSATISFIABLE,UNSATISFIABLE,UNSATISFIABLE,UNSATISFIABLE,UNSATISFIABLE,
sc-2021/erin2_0x0_n207-379.cnf.xz,SATISFIABLE,SATISFIABLE,SATISFIABLE,SATISFIABLE,SATISFIABLE,SATISFIABLE,,SATISFIABLE,SATISFIABLE,SATISFIABLE,SATISFIABLE
sc-2021/SC21_Timetable_C_241_E_34_Cl_16_S_13.cnf.xz,,,,,,,,,,,
sc-2021/MVD_ADS_S7_6_6.cnf.xz,UNSATISFIABLE,UNSATISFIABLE,UNSATISFIABLE,UNSATISFIABLE,UNSATISFIABLE,UNSATISFIABLE,UNSATISFIABLE,UNSATISFIABLE,UNSATISFIABLE,UNSATISFIABLE,UNSATISFIABLE
sc-2021/edit_distance035_393.cnf.xz,SATISFIABLE,SATISFIABLE,SATISFIABLE,SATISFIABLE,SATISFIABLE,SATISFIABLE,,SATISFIABLE,SATISFIABLE,SATISFIABLE,SATISFIABLE
sc-2021/mp1-klieber2017s-0300-034-t12.cnf.xz,SATISFIABLE,SATISFIABLE,SATISFIABLE,SATISFIABLE,SATISFIABLE,SATISFIABLE,,SATISFIABLE,SATISFIABLE,SATISFIABLE,SATISFIABLE
sc-2021/Kakuro-easy-150-ext.xml.hg_9.cnf.xz,SATISFIABLE,SATISFIABLE,SATISFIABLE,SATISFIABLE,SATISFIABLE,SATISFIABLE,,SATISFIABLE,SATISFIABLE,SATISFIABLE,SATISFIABLE
sc-2021/Mycielski-11-hints-2.cnf.xz,UNSATISFIABLE,UNSATISFIABLE,UNSATISFIABLE,UNSATISFIABLE,UNSATISFIABLE,UNSATISFIABLE,UNSATISFIABLE,UNSATISFIABLE,UNSATISFIABLE,UNSATISFIABLE,UNSATISFIABLE
sc-2021/toughsat_factoring_426s.cnf.xz,SATISFIABLE,SATISFIABLE,SATISFIABLE,SATISFIABLE,SATISFIABLE,SATISFIABLE,,SATISFIABLE,SATISFIABLE,SATISFIABLE,SATISFIABLE
sc-2021/snw_13_9_pre.cnf.xz,SATISFIABLE,SATISFIABLE,SATISFIABLE,SATISFIABLE,SATISFIABLE,SATISFIABLE,,SATISFIABLE,SATISFIABLE,SATISFIABLE,SATISFIABLE
sc-2021/13pipe_k.cnf.xz,UNSATISFIABLE,UNSATISFIABLE,UNSATISFIABLE,UNSATISFIABLE,UNSATISFIABLE,UNSATISFIABLE,UNSATISFIABLE,UNSATISFIABLE,,UNSATISFIABLE,UNSATISFIABLE
sc-2021/ktf_TF-8.tf_4_0.02_37.cnf.xz,,,,,,,,,,,
sc-2021/at-least-two-vmpc_28.cnf.xz,SATISFIABLE,SATISFIABLE,SATISFIABLE,SATISFIABLE,SATISFIABLE,SATISFIABLE,,SATISFIABLE,SATISFIABLE,SATISFIABLE,SATISFIABLE
sc-2021/spg_200_316.cnf.xz,UNSATISFIABLE,UNSATISFIABLE,UNSATISFIABLE,UNSATISFIABLE,UNSATISFIABLE,UNSATISFIABLE,UNSATISFIABLE,UNSATISFIABLE,UNSATISFIABLE,UNSATISFIABLE,UNSATISFIABLE
sc-2021/spg_300_301.cnf.xz,UNSATISFIABLE,UNSATISFIABLE,UNSATISFIABLE,UNSATISFIABLE,UNSATISFIABLE,UNSATISFIABLE,UNSATISFIABLE,UNSATISFIABLE,UNSATISFIABLE,UNSATISFIABLE,UNSATISFIABLE
sc-2021/ctl_4291_567_11_unsat.cnf.xz,UNSATISFIABLE,UNSATISFIABLE,,UNSATISFIABLE,UNSATISFIABLE,UNSATISFIABLE,UNSATISFIABLE,,UNSATISFIABLE,UNSATISFIABLE,UNSATISFIABLE
sc-2021/20-100-lambda100-89_unsat.cnf.xz,UNSATISFIABLE,UNSATISFIABLE,UNSATISFIABLE,UNSATISFIABLE,UNSATISFIABLE,UNSATISFIABLE,UNSATISFIABLE,UNSATISFIABLE,UNSATISFIABLE,UNSATISFIABLE,UNSATISFIABLE
sc-2021/UR-15-10p0.cnf.xz,UNSATISFIABLE,UNSATISFIABLE,UNSATISFIABLE,UNSATISFIABLE,UNSATISFIABLE,UNSATISFIABLE,UNSATISFIABLE,UNSATISFIABLE,UNSATISFIABLE,UNSATISFIABLE,UNSATISFIABLE
sc-2021/sokoban-sequential-p145-microban-sequential.070-NOTKNOWN.cnf.xz,SATISFIABLE,SATISFIABLE,,SATISFIABLE,SATISFIABLE,SATISFIABLE,,SATISFIABLE,,SATISFIABLE,SATISFIABLE
sc-2021/Kakuro-easy-112-ext.xml.hg_7.cnf.xz,SATISFIABLE,SATISFIABLE,SATISFIABLE,SATISFIABLE,SATISFIABLE,SATISFIABLE,,SATISFIABLE,SATISFIABLE,SATISFIABLE,SATISFIABLE
sc-2021/ktf_TF-1.tf_3_0.02_34.cnf.xz,,,,,,,,,,,
sc-2021/WS_500_16_70_10.apx_0.cnf.xz,DISCREPENCY,SATISFIABLE,SATISFIABLE,SATISFIABLE,SATISFIABLE,SATISFIABLE,,SATISFIABLE,UNSATISFIABLE,SATISFIABLE,SATISFIABLE
sc-2021/pb_300_06_lb_02.cnf.xz,SATISFIABLE,SATISFIABLE,SATISFIABLE,SATISFIABLE,SATISFIABLE,SATISFIABLE,,SATISFIABLE,SATISFIABLE,SATISFIABLE,SATISFIABLE
sc-2021/ex045_7.cnf.xz,SATISFIABLE,SATISFIABLE,SATISFIABLE,SATISFIABLE,SATISFIABLE,SATISFIABLE,,SATISFIABLE,SATISFIABLE,SATISFIABLE,SATISFIABLE
sc-2021/SC21_Timetable_C_557_E_73_Cl_37_S_35.cnf.xz,SATISFIABLE,SATISFIABLE,SATISFIABLE,,SATISFIABLE,SATISFIABLE,,SATISFIABLE,SATISFIABLE,SATISFIABLE,
sc-2021/battleship-14-26-sat.cnf.xz,SATISFIABLE,SATISFIABLE,SATISFIABLE,SATISFIABLE,SATISFIABLE,SATISFIABLE,,SATISFIABLE,SATISFIABLE,SATISFIABLE,
sc-2021/snw_16_9_Encpre.cnf.xz,SATISFIABLE,,SATISFIABLE,,SATISFIABLE,,,SATISFIABLE,SATISFIABLE,SATISFIABLE,SATISFIABLE
sc-2021/sted12a_0x1e1-67.cnf.xz,SATISFIABLE,SATISFIABLE,SATISFIABLE,SATISFIABLE,SATISFIABLE,SATISFIABLE,,SATISFIABLE,SATISFIABLE,SATISFIABLE,SATISFIABLE
sc-2021/HCP-446-420.cnf.xz,DISCREPENCY,SATISFIABLE,SATISFIABLE,SATISFIABLE,SATISFIABLE,SATISFIABLE,,SATISFIABLE,UNSATISFIABLE,SATISFIABLE,SATISFIABLE
sc-2021/b2005-p2-14x14c17h9-Ser6-0.cnf.xz,,,,,,,,,,,
sc-2021/WS_300_24_90_10.apx_0.cnf.xz,UNSATISFIABLE,UNSATISFIABLE,UNSATISFIABLE,UNSATISFIABLE,UNSATISFIABLE,UNSATISFIABLE,UNSATISFIABLE,UNSATISFIABLE,UNSATISFIABLE,UNSATISFIABLE,UNSATISFIABLE
sc-2021/Circuit_multiplier37.cnf.xz,SATISFIABLE,SATISFIABLE,SATISFIABLE,SATISFIABLE,SATISFIABLE,SATISFIABLE,,SATISFIABLE,SATISFIABLE,SATISFIABLE,SATISFIABLE
sc-2021/randomG-B-Mix-n18-d05.cnf.xz,UNSATISFIABLE,,,UNSATISFIABLE,UNSATISFIABLE,UNSATISFIABLE,,UNSATISFIABLE,,,
sc-2021/sum_of_3_cubes_108_bits_52.cnf.xz,,,,,,,,,,,
sc-2021/sp4-33-una-stri-flat-noid.cnf.xz,UNSATISFIABLE,UNSATISFIABLE,UNSATISFIABLE,UNSATISFIABLE,UNSATISFIABLE,UNSATISFIABLE,UNSATISFIABLE,UNSATISFIABLE,UNSATISFIABLE,UNSATISFIABLE,UNSATISFIABLE
sc-2021/stb_792_333.apx_0.cnf.xz,DISCREPENCY,SATISFIABLE,SATISFIABLE,SATISFIABLE,SATISFIABLE,SATISFIABLE,,SATISFIABLE,UNSATISFIABLE,SATISFIABLE,SATISFIABLE
sc-2021/crafted_n12_d6_c4_num17.cnf.xz,UNSATISFIABLE,UNSATISFIABLE,UNSATISFIABLE,UNSATISFIABLE,UNSATISFIABLE,UNSATISFIABLE,UNSATISFIABLE,UNSATISFIABLE,UNSATISFIABLE,UNSATISFIABLE,UNSATISFIABLE
sc-2021/php12e12.cnf.xz,UNSATISFIABLE,UNSATISFIABLE,,UNSATISFIABLE,UNSATISFIABLE,UNSATISFIABLE,,UNSATISFIABLE,UNSATISFIABLE,,UNSATISFIABLE
sc-2021/edit_distance023_283.cnf.xz,SATISFIABLE,SATISFIABLE,SATISFIABLE,SATISFIABLE,SATISFIABLE,SATISFIABLE,,SATISFIABLE,SATISFIABLE,SATISFIABLE,SATISFIABLE
sc-2021/size_5_5_5_i223_r12.cnf.xz,SATISFIABLE,SATISFIABLE,SATISFIABLE,SATISFIABLE,SATISFIABLE,SATISFIABLE,,SATISFIABLE,SATISFIABLE,SATISFIABLE,SATISFIABLE
sc-2021/puzzle44_unsat.cnf.xz,UNSATISFIABLE,,UNSATISFIABLE,UNSATISFIABLE,,,,,,UNSATISFIABLE,
sc-2021/ak032modbtmodbtisc.cnf.xz,UNSATISFIABLE,UNSATISFIABLE,UNSATISFIABLE,UNSATISFIABLE,UNSATISFIABLE,UNSATISFIABLE,UNSATISFIABLE,UNSATISFIABLE,,UNSATISFIABLE,UNSATISFIABLE
sc-2021/Circuit_multiplier36.cnf.xz,SATISFIABLE,SATISFIABLE,SATISFIABLE,SATISFIABLE,SATISFIABLE,SATISFIABLE,,SATISFIABLE,SATISFIABLE,SATISFIABLE,SATISFIABLE
sc-2021/stb_531_83.apx_0.cnf.xz,DISCREPENCY,SATISFIABLE,SATISFIABLE,SATISFIABLE,SATISFIABLE,SATISFIABLE,,SATISFIABLE,UNSATISFIABLE,SATISFIABLE,SATISFIABLE
sc-2021/143.smt2.cnf.xz,,,,,,,,,,,
sc-2021/ndhf_xits_09_UNSAT.cnf.xz,UNSATISFIABLE,UNSATISFIABLE,,UNSATISFIABLE,UNSATISFIABLE,UNSATISFIABLE,,UNSATISFIABLE,,,UNSATISFIABLE
sc-2021/20-100-frag12-53_sat.cnf.xz,SATISFIABLE,SATISFIABLE,SATISFIABLE,SATISFIABLE,SATISFIABLE,SATISFIABLE,,SATISFIABLE,SATISFIABLE,SATISFIABLE,SATISFIABLE
sc-2021/quad_res_r32_m35.cnf.xz,,,,,,,,,,,
sc-2021/at-least-two-ibm-2004-23-k100.cnf.xz,SATISFIABLE,SATISFIABLE,SATISFIABLE,SATISFIABLE,SATISFIABLE,SATISFIABLE,,SATISFIABLE,SATISFIABLE,,SATISFIABLE
sc-2021/bvurem_20.smt2.cnf.xz,UNSATISFIABLE,,,,UNSATISFIABLE,,,UNSATISFIABLE,,,
sc-2021/SC21_Timetable_C_181_E_34_Cl_12_S_4.cnf.xz,,,,,,,,,,,
sc-2021/SC21_Timetable_C_466_E_62_Cl_31_S_30.cnf.xz,SATISFIABLE,SATISFIABLE,SATISFIABLE,,SATISFIABLE,SATISFIABLE,,SATISFIABLE,SATISFIABLE,SATISFIABLE,
sc-2021/mp1-blockpuzzle_9x9_s1_free8.cnf.xz,SATISFIABLE,SATISFIABLE,SATISFIABLE,SATISFIABLE,SATISFIABLE,SATISFIABLE,,SATISFIABLE,SATISFIABLE,SATISFIABLE,SATISFIABLE
sc-2021/HCP-470-60.cnf.xz,SATISFIABLE,SATISFIABLE,SATISFIABLE,SATISFIABLE,SATISFIABLE,SATISFIABLE,,SATISFIABLE,SATISFIABLE,SATISFIABLE,SATISFIABLE
sc-2021/php14e14.cnf.xz,,,,,,,,,,,
sc-2021/b2005-p1-12x12c10h7-Ser4-0.cnf.xz,,,,,,,,,,,
sc-2021/at-least-two-aaai10-planning-ipc5-pathways-17-step20.cnf.xz,UNSATISFIABLE,UNSATISFIABLE,UNSATISFIABLE,UNSATISFIABLE,UNSATISFIABLE,UNSATISFIABLE,UNSATISFIABLE,UNSATISFIABLE,UNSATISFIABLE,UNSATISFIABLE,UNSATISFIABLE
sc-2021/pb_300_05_lb_16.cnf.xz,SATISFIABLE,SATISFIABLE,SATISFIABLE,SATISFIABLE,SATISFIABLE,SATISFIABLE,,SATISFIABLE,SATISFIABLE,SATISFIABLE,SATISFIABLE
sc-2021/string_compare_safety_cbmc_unwinding_680.cnf.xz,UNSATISFIABLE,UNSATISFIABLE,UNSATISFIABLE,UNSATISFIABLE,UNSATISFIABLE,UNSATISFIABLE,UNSATISFIABLE,UNSATISFIABLE,UNSATISFIABLE,UNSATISFIABLE,UNSATISFIABLE
sc-2021/SE_PR_stb_531_83.apx_1.cnf.xz,SATISFIABLE,SATISFIABLE,SATISFIABLE,SATISFIABLE,SATISFIABLE,SATISFIABLE,,SATISFIABLE,SATISFIABLE,SATISFIABLE,SATISFIABLE
sc-2021/string_compare_safety_cbmc_unwinding_670.cnf.xz,UNSATISFIABLE,UNSATISFIABLE,UNSATISFIABLE,UNSATISFIABLE,UNSATISFIABLE,UNSATISFIABLE,UNSATISFIABLE,UNSATISFIABLE,UNSATISFIABLE,UNSATISFIABLE,UNSATISFIABLE
sc-2021/E00X23.cnf.xz,UNSATISFIABLE,UNSATISFIABLE,UNSATISFIABLE,UNSATISFIABLE,UNSATISFIABLE,UNSATISFIABLE,UNSATISFIABLE,UNSATISFIABLE,UNSATISFIABLE,UNSATISFIABLE,UNSATISFIABLE
sc-2021/ktf_TF-4.tf_4_0.06_52.cnf.xz,SATISFIABLE,SATISFIABLE,SATISFIABLE,SATISFIABLE,SATISFIABLE,SATISFIABLE,,SATISFIABLE,SATISFIABLE,SATISFIABLE,
sc-2021/ktf_TF-7.tf_3_0.06_113.cnf.xz,SATISFIABLE,SATISFIABLE,SATISFIABLE,SATISFIABLE,SATISFIABLE,SATISFIABLE,,SATISFIABLE,SATISFIABLE,SATISFIABLE,SATISFIABLE
sc-2021/prime_a22_b22.cnf.xz,SATISFIABLE,SATISFIABLE,SATISFIABLE,SATISFIABLE,SATISFIABLE,SATISFIABLE,,SATISFIABLE,SATISFIABLE,SATISFIABLE,SATISFIABLE
sc-2021/Sz512_15128_1.smt2.cnf.xz,SATISFIABLE,SATISFIABLE,SATISFIABLE,SATISFIABLE,SATISFIABLE,SATISFIABLE,,SATISFIABLE,SATISFIABLE,SATISFIABLE,SATISFIABLE
sc-2021/HCP-522-105.cnf.xz,SATISFIABLE,,SATISFIABLE,SATISFIABLE,SATISFIABLE,SATISFIABLE,,SATISFIABLE,SATISFIABLE,SATISFIABLE,SATISFIABLE
sc-2021/at-least-two-traffic_f_unknown.cnf.xz,UNSATISFIABLE,UNSATISFIABLE,UNSATISFIABLE,UNSATISFIABLE,UNSATISFIABLE,UNSATISFIABLE,UNSATISFIABLE,UNSATISFIABLE,UNSATISFIABLE,UNSATISFIABLE,UNSATISFIABLE
sc-2021/Mycielski-11-hints-1.cnf.xz,UNSATISFIABLE,UNSATISFIABLE,UNSATISFIABLE,UNSATISFIABLE,UNSATISFIABLE,UNSATISFIABLE,UNSATISFIABLE,UNSATISFIABLE,UNSATISFIABLE,UNSATISFIABLE,UNSATISFIABLE
sc-2021/sum_of_3_cubes_76_bits_84.cnf.xz,,,,,,,,,,,
sc-2021/sted1_0x0-637.cnf.xz,SATISFIABLE,SATISFIABLE,SATISFIABLE,SATISFIABLE,SATISFIABLE,SATISFIABLE,,SATISFIABLE,SATISFIABLE,SATISFIABLE,SATISFIABLE
sc-2021/b2005-p3-12x12c10h7-Ser7-0.cnf.xz,,,,,,,,,,,
sc-2021/rphp4_065_shuffled.cnf.xz,UNSATISFIABLE,UNSATISFIABLE,UNSATISFIABLE,UNSATISFIABLE,UNSATISFIABLE,UNSATISFIABLE,UNSATISFIABLE,UNSATISFIABLE,UNSATISFIABLE,UNSATISFIABLE,UNSATISFIABLE
sc-2021/randomG-B-Mix-n15-d05.cnf.xz,UNSATISFIABLE,UNSATISFIABLE,UNSATISFIABLE,UNSATISFIABLE,UNSATISFIABLE,UNSATISFIABLE,UNSATISFIABLE,UNSATISFIABLE,UNSATISFIABLE,UNSATISFIABLE,UNSATISFIABLE
sc-2021/HCP-529-420.cnf.xz,SATISFIABLE,SATISFIABLE,SATISFIABLE,SATISFIABLE,SATISFIABLE,,,SATISFIABLE,SATISFIABLE,SATISFIABLE,SATISFIABLE
sc-2021/vlsat2_11_26.cnf.xz,UNSATISFIABLE,UNSATISFIABLE,,UNSATISFIABLE,UNSATISFIABLE,UNSATISFIABLE,,UNSATISFIABLE,UNSATISFIABLE,,UNSATISFIABLE
sc-2021/edit_distance023_281.cnf.xz,SATISFIABLE,SATISFIABLE,SATISFIABLE,SATISFIABLE,SATISFIABLE,SATISFIABLE,,SATISFIABLE,SATISFIABLE,SATISFIABLE,SATISFIABLE
sc-2021/string_compare_safety_cbmc_unwinding_800.cnf.xz,UNSATISFIABLE,UNSATISFIABLE,UNSATISFIABLE,UNSATISFIABLE,UNSATISFIABLE,UNSATISFIABLE,UNSATISFIABLE,UNSATISFIABLE,UNSATISFIABLE,UNSATISFIABLE,UNSATISFIABLE
sc-2021/Kakuro-easy-156-ext.xml.hg_7.cnf.xz,SATISFIABLE,SATISFIABLE,SATISFIABLE,SATISFIABLE,SATISFIABLE,SATISFIABLE,,SATISFIABLE,SATISFIABLE,SATISFIABLE,SATISFIABLE
sc-2021/Mycielski-10-hints-5.cnf.xz,,,,,,,,,,,
sc-2021/sted1_0x1e3-393.cnf.xz,SATISFIABLE,SATISFIABLE,SATISFIABLE,SATISFIABLE,SATISFIABLE,SATISFIABLE,,SATISFIABLE,,SATISFIABLE,SATISFIABLE
sc-2021/sted4_0x0_n159-185.cnf.xz,SATISFIABLE,SATISFIABLE,SATISFIABLE,SATISFIABLE,SATISFIABLE,SATISFIABLE,,SATISFIABLE,SATISFIABLE,SATISFIABLE,SATISFIABLE
sc-2021/sp4-33-one-nons-flat-noid.cnf.xz,SATISFIABLE,SATISFIABLE,SATISFIABLE,SATISFIABLE,SATISFIABLE,SATISFIABLE,,SATISFIABLE,SATISFIABLE,SATISFIABLE,SATISFIABLE
sc-2021/at-least-two-traffic_b_unsat.cnf.xz,UNSATISFIABLE,UNSATISFIABLE,UNSATISFIABLE,UNSATISFIABLE,UNSATISFIABLE,UNSATISFIABLE,UNSATISFIABLE,UNSATISFIABLE,UNSATISFIABLE,UNSATISFIABLE,UNSATISFIABLE
